,match,team,batting_Pos,batsman,out/not out,run,ball,m,fours,sixes,strike_rate,match_id
0,Pakistan Vs England,Pakistan,1,Mohammad Rizwan †,out,15,14,24,0,1,107.14,T20I # 1879
1,Pakistan Vs England,Pakistan,2,Babar Azam (c),out,32,28,58,2,0,114.28,T20I # 1879
2,Pakistan Vs England,Pakistan,3,Mohammad Haris,out,8,12,15,1,0,66.66,T20I # 1879
3,Pakistan Vs England,Pakistan,4,Shan Masood,out,38,28,46,2,1,135.71,T20I # 1879
4,Pakistan Vs England,Pakistan,5,Iftikhar Ahmed,out,0,6,8,0,0,0,T20I # 1879
5,Pakistan Vs England,Pakistan,6,Shadab Khan,out,20,14,26,2,0,142.85,T20I # 1879
6,Pakistan Vs England,Pakistan,7,Mohammad Nawaz,out,5,7,11,0,0,71.42,T20I # 1879
7,Pakistan Vs England,Pakistan,8,Mohammad Wasim,out,4,8,12,0,0,50,T20I # 1879
8,Pakistan Vs England,Pakistan,9,Shaheen Shah Afridi,not out,5,3,8,1,0,166.66,T20I # 1879
9,Pakistan Vs England,Pakistan,10,Haris Rauf,not out,1,1,3,0,0,100,T20I # 1879
10,Pakistan Vs England,England,1,Jos Buttler (c)†,out,26,17,33,3,1,152.94,T20I # 1879
11,Pakistan Vs England,England,2,Alex Hales,out,1,2,6,0,0,50,T20I # 1879
12,Pakistan Vs England,England,3,Phil Salt,out,10,9,16,2,0,111.11,T20I # 1879
13,Pakistan Vs England,England,4,Ben Stokes,not out,52,49,81,5,1,106.12,T20I # 1879
14,Pakistan Vs England,England,5,Harry Brook,out,20,23,36,1,0,86.95,T20I # 1879
15,Pakistan Vs England,England,6,Moeen Ali,out,19,13,30,3,0,146.15,T20I # 1879
16,Pakistan Vs England,England,7,Liam Livingstone,not out,1,1,3,0,0,100,T20I # 1879
17,India Vs England,India,1,KL Rahul,out,5,5,8,1,0,100,T20I # 1878
18,India Vs England,India,2,Rohit Sharma (c),out,27,28,37,4,0,96.42,T20I # 1878
19,India Vs England,India,3,Virat Kohli,out,50,40,75,4,1,125,T20I # 1878
20,India Vs England,India,4,Suryakumar Yadav,out,14,10,14,1,1,140,T20I # 1878
21,India Vs England,India,5,Hardik Pandya,out,63,33,47,4,5,190.9,T20I # 1878
22,India Vs England,India,6,Rishabh Pant †,out,6,4,13,1,0,150,T20I # 1878
23,India Vs England,India,7,Ravichandran Ashwin,not out,0,0,4,0,0,-,T20I # 1878
24,India Vs England,England,1,Jos Buttler (c)†,not out,80,49,74,9,3,163.26,T20I # 1878
25,India Vs England,England,2,Alex Hales,not out,86,47,74,4,7,182.97,T20I # 1878
26,New Zealand Vs Pakistan,New Zealand,1,Finn Allen,out,4,3,6,1,0,133.33,T20I # 1877
27,New Zealand Vs Pakistan,New Zealand,2,Devon Conway †,out,21,20,35,3,0,105,T20I # 1877
28,New Zealand Vs Pakistan,New Zealand,3,Kane Williamson (c),out,46,42,81,1,1,109.52,T20I # 1877
29,New Zealand Vs Pakistan,New Zealand,4,Glenn Phillips,out,6,8,9,1,0,75,T20I # 1877
30,New Zealand Vs Pakistan,New Zealand,5,Daryl Mitchell,not out,53,35,60,3,1,151.42,T20I # 1877
31,New Zealand Vs Pakistan,New Zealand,6,James Neesham,not out,16,12,19,1,0,133.33,T20I # 1877
32,New Zealand Vs Pakistan,Pakistan,1,Mohammad Rizwan †,out,57,43,77,5,0,132.55,T20I # 1877
33,New Zealand Vs Pakistan,Pakistan,2,Babar Azam (c),out,53,42,56,7,0,126.19,T20I # 1877
34,New Zealand Vs Pakistan,Pakistan,3,Mohammad Haris,out,30,26,32,2,1,115.38,T20I # 1877
35,New Zealand Vs Pakistan,Pakistan,4,Shan Masood,not out,3,4,13,0,0,75,T20I # 1877
36,New Zealand Vs Pakistan,Pakistan,5,Iftikhar Ahmed,not out,0,0,3,0,0,-,T20I # 1877
37,India Vs Zimbabwe,India,1,KL Rahul,out,51,35,59,3,3,145.71,T20I # 1873
38,India Vs Zimbabwe,India,2,Rohit Sharma (c),out,15,13,20,2,0,115.38,T20I # 1873
39,India Vs Zimbabwe,India,3,Virat Kohli,out,26,25,36,2,0,104,T20I # 1873
40,India Vs Zimbabwe,India,4,Suryakumar Yadav,not out,61,25,44,6,4,244,T20I # 1873
41,India Vs Zimbabwe,India,5,Rishabh Pant †,out,3,5,7,0,0,60,T20I # 1873
42,India Vs Zimbabwe,India,6,Hardik Pandya,out,18,18,29,2,0,100,T20I # 1873
43,India Vs Zimbabwe,India,7,Axar Patel,not out,0,0,6,0,0,-,T20I # 1873
44,India Vs Zimbabwe,Zimbabwe,1,Wessly Madhevere,out,0,1,1,0,0,0,T20I # 1873
45,India Vs Zimbabwe,Zimbabwe,2,Craig Ervine (c),out,13,15,37,2,0,86.66,T20I # 1873
46,India Vs Zimbabwe,Zimbabwe,3,Regis Chakabva †,out,0,6,9,0,0,0,T20I # 1873
47,India Vs Zimbabwe,Zimbabwe,4,Sean Williams,out,11,18,22,0,1,61.11,T20I # 1873
48,India Vs Zimbabwe,Zimbabwe,5,Sikandar Raza,out,34,24,53,3,0,141.66,T20I # 1873
49,India Vs Zimbabwe,Zimbabwe,6,Tony Munyonga,out,5,4,6,1,0,125,T20I # 1873
50,India Vs Zimbabwe,Zimbabwe,7,Ryan Burl,out,35,22,27,5,1,159.09,T20I # 1873
51,India Vs Zimbabwe,Zimbabwe,8,Wellington Masakadza,out,1,7,8,0,0,14.28,T20I # 1873
52,India Vs Zimbabwe,Zimbabwe,9,Richard Ngarava,out,1,2,4,0,0,50,T20I # 1873
53,India Vs Zimbabwe,Zimbabwe,10,Tendai Chatara,out,4,4,11,1,0,100,T20I # 1873
54,India Vs Zimbabwe,Zimbabwe,11,Blessing Muzarabani,not out,0,2,5,0,0,0,T20I # 1873
55,Bangladesh Vs Pakistan,Bangladesh,1,Najmul Hossain Shanto,out,54,48,66,7,0,112.5,T20I # 1872
56,Bangladesh Vs Pakistan,Bangladesh,2,Litton Das,out,10,8,15,0,1,125,T20I # 1872
57,Bangladesh Vs Pakistan,Bangladesh,3,Soumya Sarkar,out,20,17,38,1,1,117.64,T20I # 1872
58,Bangladesh Vs Pakistan,Bangladesh,4,Shakib Al Hasan (c),out,0,1,4,0,0,0,T20I # 1872
59,Bangladesh Vs Pakistan,Bangladesh,5,Afif Hossain,not out,24,20,47,3,0,120,T20I # 1872
60,Bangladesh Vs Pakistan,Bangladesh,6,Mosaddek Hossain,out,5,11,17,0,0,45.45,T20I # 1872
61,Bangladesh Vs Pakistan,Bangladesh,7,Nurul Hasan †,out,0,3,4,0,0,0,T20I # 1872
62,Bangladesh Vs Pakistan,Bangladesh,8,Taskin Ahmed,out,1,5,8,0,0,20,T20I # 1872
63,Bangladesh Vs Pakistan,Bangladesh,9,Nasum Ahmed,out,7,6,9,1,0,116.66,T20I # 1872
64,Bangladesh Vs Pakistan,Bangladesh,10,Mustafizur Rahman,not out,0,1,1,0,0,0,T20I # 1872
65,Bangladesh Vs Pakistan,Pakistan,1,Mohammad Rizwan †,out,32,32,51,2,1,100,T20I # 1872
66,Bangladesh Vs Pakistan,Pakistan,2,Babar Azam (c),out,25,33,46,2,0,75.75,T20I # 1872
67,Bangladesh Vs Pakistan,Pakistan,3,Mohammad Nawaz,out,4,11,27,0,0,36.36,T20I # 1872
68,Bangladesh Vs Pakistan,Pakistan,4,Mohammad Haris,out,31,18,31,1,2,172.22,T20I # 1872
69,Bangladesh Vs Pakistan,Pakistan,5,Shan Masood,not out,24,14,20,2,0,171.42,T20I # 1872
70,Bangladesh Vs Pakistan,Pakistan,6,Iftikhar Ahmed,out,1,3,8,0,0,33.33,T20I # 1872
71,Bangladesh Vs Pakistan,Pakistan,7,Shadab Khan,not out,0,0,2,0,0,-,T20I # 1872
72,Netherlands Vs South Africa,Netherlands,1,Stephan Myburgh,out,37,30,41,7,0,123.33,T20I # 1871
73,Netherlands Vs South Africa,Netherlands,2,Max O'Dowd,out,29,31,61,1,1,93.54,T20I # 1871
74,Netherlands Vs South Africa,Netherlands,3,Tom Cooper,out,35,19,30,2,2,184.21,T20I # 1871
75,Netherlands Vs South Africa,Netherlands,4,Colin Ackermann,not out,41,26,31,3,2,157.69,T20I # 1871
76,Netherlands Vs South Africa,Netherlands,5,Bas de Leede,out,1,7,11,0,0,14.28,T20I # 1871
77,Netherlands Vs South Africa,Netherlands,6,Scott Edwards (c)†,not out,12,7,11,2,0,171.42,T20I # 1871
78,Netherlands Vs South Africa,South Africa,1,Quinton de Kock †,out,13,13,12,1,1,100,T20I # 1871
79,Netherlands Vs South Africa,South Africa,2,Temba Bavuma (c),out,20,20,26,2,0,100,T20I # 1871
80,Netherlands Vs South Africa,South Africa,3,Rilee Rossouw,out,25,19,29,2,0,131.57,T20I # 1871
81,Netherlands Vs South Africa,South Africa,4,Aiden Markram,out,17,13,30,2,0,130.76,T20I # 1871
82,Netherlands Vs South Africa,South Africa,5,David Miller,out,17,17,28,1,0,100,T20I # 1871
83,Netherlands Vs South Africa,South Africa,6,Heinrich Klaasen,out,21,18,27,0,1,116.66,T20I # 1871
84,Netherlands Vs South Africa,South Africa,7,Wayne Parnell,out,0,2,3,0,0,0,T20I # 1871
85,Netherlands Vs South Africa,South Africa,8,Keshav Maharaj,out,13,12,20,0,1,108.33,T20I # 1871
86,Netherlands Vs South Africa,South Africa,9,Kagiso Rabada,not out,9,8,13,0,0,112.5,T20I # 1871
87,Netherlands Vs South Africa,South Africa,10,Anrich Nortje,not out,4,1,2,1,0,400,T20I # 1871
88,Sri Lanka Vs England,Sri Lanka,1,Pathum Nissanka,out,67,45,70,2,5,148.88,T20I # 1867
89,Sri Lanka Vs England,Sri Lanka,2,Kusal Mendis †,out,18,14,21,1,1,128.57,T20I # 1867
90,Sri Lanka Vs England,Sri Lanka,3,Dhananjaya de Silva,out,9,11,17,0,0,81.81,T20I # 1867
91,Sri Lanka Vs England,Sri Lanka,4,Charith Asalanka,out,8,9,15,0,0,88.88,T20I # 1867
92,Sri Lanka Vs England,Sri Lanka,5,Bhanuka Rajapaksa,out,22,22,41,3,0,100,T20I # 1867
93,Sri Lanka Vs England,Sri Lanka,6,Dasun Shanaka (c),out,3,8,12,0,0,37.5,T20I # 1867
94,Sri Lanka Vs England,Sri Lanka,7,Wanindu Hasaranga,out,9,9,13,1,0,100,T20I # 1867
95,Sri Lanka Vs England,Sri Lanka,8,Chamika Karunaratne,out,0,2,3,0,0,0,T20I # 1867
96,Sri Lanka Vs England,Sri Lanka,9,Maheesh Theekshana,not out,0,0,2,0,0,-,T20I # 1867
97,Sri Lanka Vs England,England,1,Jos Buttler (c)†,out,28,23,35,2,1,121.73,T20I # 1867
98,Sri Lanka Vs England,England,2,Alex Hales,out,47,30,42,7,1,156.66,T20I # 1867
99,Sri Lanka Vs England,England,3,Ben Stokes,not out,42,36,59,2,0,116.66,T20I # 1867
100,Sri Lanka Vs England,England,4,Harry Brook,out,4,5,9,0,0,80,T20I # 1867
101,Sri Lanka Vs England,England,5,Liam Livingstone,out,4,6,10,0,0,66.66,T20I # 1867
102,Sri Lanka Vs England,England,6,Moeen Ali,out,1,5,8,0,0,20,T20I # 1867
103,Sri Lanka Vs England,England,7,Sam Curran,out,6,11,16,0,0,54.54,T20I # 1867
104,Sri Lanka Vs England,England,8,Chris Woakes,not out,5,3,11,1,0,166.66,T20I # 1867
105,Australia Vs Afghanistan,Australia,1,David Warner,out,25,18,28,5,0,138.88,T20I # 1864
106,Australia Vs Afghanistan,Australia,2,Cameron Green,out,3,2,12,0,0,150,T20I # 1864
107,Australia Vs Afghanistan,Australia,3,Mitchell Marsh,out,45,30,42,3,2,150,T20I # 1864
108,Australia Vs Afghanistan,Australia,4,Steven Smith,out,4,4,6,1,0,100,T20I # 1864
109,Australia Vs Afghanistan,Australia,5,Marcus Stoinis,out,25,21,41,0,2,119.04,T20I # 1864
110,Australia Vs Afghanistan,Australia,6,Glenn Maxwell,not out,54,32,46,6,2,168.75,T20I # 1864
111,Australia Vs Afghanistan,Australia,7,Matthew Wade (c)†,out,6,8,14,1,0,75,T20I # 1864
112,Australia Vs Afghanistan,Australia,8,Pat Cummins,out,0,2,4,0,0,0,T20I # 1864
113,Australia Vs Afghanistan,Australia,9,Kane Richardson,out,1,1,6,0,0,100,T20I # 1864
114,Australia Vs Afghanistan,Australia,10,Adam Zampa,not out,1,1,5,0,0,100,T20I # 1864
115,Australia Vs Afghanistan,Afghanistan,1,Rahmanullah Gurbaz †,out,30,17,31,2,2,176.47,T20I # 1864
116,Australia Vs Afghanistan,Afghanistan,2,Usman Ghani,out,2,7,16,0,0,28.57,T20I # 1864
117,Australia Vs Afghanistan,Afghanistan,3,Ibrahim Zadran,out,26,33,55,2,0,78.78,T20I # 1864
118,Australia Vs Afghanistan,Afghanistan,4,Gulbadin Naib,out,39,23,38,3,2,169.56,T20I # 1864
119,Australia Vs Afghanistan,Afghanistan,5,Mohammad Nabi (c),out,1,2,10,0,0,50,T20I # 1864
120,Australia Vs Afghanistan,Afghanistan,6,Najibullah Zadran,out,0,2,3,0,0,0,T20I # 1864
121,Australia Vs Afghanistan,Afghanistan,7,Darwish Rasooli,out,15,13,28,1,0,115.38,T20I # 1864
122,Australia Vs Afghanistan,Afghanistan,8,Rashid Khan,not out,48,23,27,3,4,208.69,T20I # 1864
123,Australia Vs Afghanistan,Afghanistan,9,Naveen-ul-Haq,not out,0,0,4,0,0,-,T20I # 1864
124,New Zealand Vs Ireland,New Zealand,1,Finn Allen,out,32,18,30,5,1,177.77,T20I # 1862
125,New Zealand Vs Ireland,New Zealand,2,Devon Conway †,out,28,33,55,2,0,84.84,T20I # 1862
126,New Zealand Vs Ireland,New Zealand,3,Kane Williamson (c),out,61,35,59,5,3,174.28,T20I # 1862
127,New Zealand Vs Ireland,New Zealand,4,Glenn Phillips,out,17,9,9,2,1,188.88,T20I # 1862
128,New Zealand Vs Ireland,New Zealand,5,Daryl Mitchell,not out,31,21,35,2,0,147.61,T20I # 1862
129,New Zealand Vs Ireland,New Zealand,6,James Neesham,out,0,1,3,0,0,0,T20I # 1862
130,New Zealand Vs Ireland,New Zealand,7,Mitchell Santner,out,0,1,2,0,0,0,T20I # 1862
131,New Zealand Vs Ireland,New Zealand,8,Tim Southee,not out,1,2,7,0,0,50,T20I # 1862
132,New Zealand Vs Ireland,Ireland,1,Paul Stirling,out,37,27,39,3,1,137.03,T20I # 1862
133,New Zealand Vs Ireland,Ireland,2,Andy Balbirnie (c),out,30,25,36,0,3,120,T20I # 1862
134,New Zealand Vs Ireland,Ireland,3,Lorcan Tucker †,out,13,14,30,0,0,92.85,T20I # 1862
135,New Zealand Vs Ireland,Ireland,4,Harry Tector,out,2,7,4,0,0,28.57,T20I # 1862
136,New Zealand Vs Ireland,Ireland,5,Gareth Delany,out,10,8,12,2,0,125,T20I # 1862
137,New Zealand Vs Ireland,Ireland,6,George Dockrell,out,23,15,24,3,0,153.33,T20I # 1862
138,New Zealand Vs Ireland,Ireland,7,Curtis Campher,out,7,7,10,1,0,100,T20I # 1862
139,New Zealand Vs Ireland,Ireland,8,Fionn Hand,out,5,3,7,1,0,166.66,T20I # 1862
140,New Zealand Vs Ireland,Ireland,9,Mark Adair,out,4,5,9,0,0,80,T20I # 1862
141,New Zealand Vs Ireland,Ireland,10,Barry McCarthy,not out,6,5,10,0,0,120,T20I # 1862
142,New Zealand Vs Ireland,Ireland,11,Josh Little,not out,8,4,3,0,1,200,T20I # 1862
143,Pakistan Vs South Africa,Pakistan,1,Mohammad Rizwan †,out,4,4,4,1,0,100,T20I # 1861
144,Pakistan Vs South Africa,Pakistan,2,Babar Azam (c),out,6,15,29,0,0,40,T20I # 1861
145,Pakistan Vs South Africa,Pakistan,3,Mohammad Haris,out,28,11,19,2,3,254.54,T20I # 1861
146,Pakistan Vs South Africa,Pakistan,4,Shan Masood,out,2,6,11,0,0,33.33,T20I # 1861
147,Pakistan Vs South Africa,Pakistan,5,Iftikhar Ahmed,out,51,35,73,3,2,145.71,T20I # 1861
148,Pakistan Vs South Africa,Pakistan,6,Mohammad Nawaz,out,28,22,32,4,1,127.27,T20I # 1861
149,Pakistan Vs South Africa,Pakistan,7,Shadab Khan,out,52,22,31,3,4,236.36,T20I # 1861
150,Pakistan Vs South Africa,Pakistan,8,Mohammad Wasim,out,0,1,1,0,0,0,T20I # 1861
151,Pakistan Vs South Africa,Pakistan,9,Naseem Shah,not out,5,3,3,0,0,166.66,T20I # 1861
152,Pakistan Vs South Africa,Pakistan,10,Haris Rauf,out,3,2,2,0,0,150,T20I # 1861
153,Pakistan Vs South Africa,South Africa,1,Temba Bavuma (c),out,36,19,39,4,1,189.47,T20I # 1861
154,Pakistan Vs South Africa,South Africa,2,Quinton de Kock †,out,0,5,6,0,0,0,T20I # 1861
155,Pakistan Vs South Africa,South Africa,3,Rilee Rossouw,out,7,6,10,0,1,116.66,T20I # 1861
156,Pakistan Vs South Africa,South Africa,4,Aiden Markram,out,20,14,28,4,0,142.85,T20I # 1861
157,Pakistan Vs South Africa,South Africa,5,Heinrich Klaasen,out,15,9,18,3,0,166.66,T20I # 1861
158,Pakistan Vs South Africa,South Africa,6,Tristan Stubbs,out,18,18,28,0,1,100,T20I # 1861
159,Pakistan Vs South Africa,South Africa,7,Wayne Parnell,out,3,4,9,0,0,75,T20I # 1861
160,Pakistan Vs South Africa,South Africa,8,Kagiso Rabada,out,1,2,11,0,0,50,T20I # 1861
161,Pakistan Vs South Africa,South Africa,9,Anrich Nortje,out,1,5,8,0,0,20,T20I # 1861
162,Pakistan Vs South Africa,South Africa,10,Lungi Ngidi,not out,4,1,5,1,0,400,T20I # 1861
163,Pakistan Vs South Africa,South Africa,11,Tabraiz Shamsi,not out,1,1,3,0,0,100,T20I # 1861
164,India Vs Bangladesh,India,1,KL Rahul,out,50,32,49,3,4,156.25,T20I # 1860
165,India Vs Bangladesh,India,2,Rohit Sharma (c),out,2,8,18,0,0,25,T20I # 1860
166,India Vs Bangladesh,India,3,Virat Kohli,not out,64,44,84,8,1,145.45,T20I # 1860
167,India Vs Bangladesh,India,4,Suryakumar Yadav,out,30,16,18,4,0,187.5,T20I # 1860
168,India Vs Bangladesh,India,5,Hardik Pandya,out,5,6,8,0,0,83.33,T20I # 1860
169,India Vs Bangladesh,India,6,Dinesh Karthik †,out,7,5,12,1,0,140,T20I # 1860
170,India Vs Bangladesh,India,7,Axar Patel,out,7,6,6,1,0,116.66,T20I # 1860
171,India Vs Bangladesh,India,8,Ravichandran Ashwin,not out,13,6,9,1,1,216.66,T20I # 1860
172,India Vs Bangladesh,Bangladesh,1,Najmul Hossain Shanto,out,21,25,50,1,1,84,T20I # 1860
173,India Vs Bangladesh,Bangladesh,2,Litton Das,out,60,27,40,7,3,222.22,T20I # 1860
174,India Vs Bangladesh,Bangladesh,3,Shakib Al Hasan (c),out,13,12,24,2,0,108.33,T20I # 1860
175,India Vs Bangladesh,Bangladesh,4,Afif Hossain,out,3,5,12,0,0,60,T20I # 1860
176,India Vs Bangladesh,Bangladesh,5,Yasir Ali,out,1,3,8,0,0,33.33,T20I # 1860
177,India Vs Bangladesh,Bangladesh,6,Nurul Hasan †,not out,25,14,29,2,1,178.57,T20I # 1860
178,India Vs Bangladesh,Bangladesh,7,Mosaddek Hossain,out,6,3,4,0,1,200,T20I # 1860
179,India Vs Bangladesh,Bangladesh,8,Taskin Ahmed,not out,12,7,22,1,1,171.42,T20I # 1860
180,Zimbabwe Vs Netherlands,Zimbabwe,1,Wessly Madhevere,out,1,5,9,0,0,20,T20I # 1859
181,Zimbabwe Vs Netherlands,Zimbabwe,2,Craig Ervine (c),out,3,12,18,0,0,25,T20I # 1859
182,Zimbabwe Vs Netherlands,Zimbabwe,3,Regis Chakabva †,out,5,16,18,1,0,31.25,T20I # 1859
183,Zimbabwe Vs Netherlands,Zimbabwe,4,Sean Williams,out,28,23,39,3,0,121.73,T20I # 1859
184,Zimbabwe Vs Netherlands,Zimbabwe,5,Sikandar Raza,out,40,24,46,3,3,166.66,T20I # 1859
185,Zimbabwe Vs Netherlands,Zimbabwe,6,Milton Shumba,out,2,3,6,0,0,66.66,T20I # 1859
186,Zimbabwe Vs Netherlands,Zimbabwe,7,Ryan Burl,out,2,7,19,0,0,28.57,T20I # 1859
187,Zimbabwe Vs Netherlands,Zimbabwe,8,Luke Jongwe,out,6,8,12,0,0,75,T20I # 1859
188,Zimbabwe Vs Netherlands,Zimbabwe,9,Richard Ngarava,out,9,7,12,0,1,128.57,T20I # 1859
189,Zimbabwe Vs Netherlands,Zimbabwe,10,Tendai Chatara,not out,6,7,15,0,0,85.71,T20I # 1859
190,Zimbabwe Vs Netherlands,Zimbabwe,11,Blessing Muzarabani,out,1,4,9,0,0,25,T20I # 1859
191,Zimbabwe Vs Netherlands,Netherlands,1,Stephan Myburgh,out,8,7,15,0,1,114.28,T20I # 1859
192,Zimbabwe Vs Netherlands,Netherlands,2,Max O'Dowd,out,52,47,70,8,1,110.63,T20I # 1859
193,Zimbabwe Vs Netherlands,Netherlands,3,Tom Cooper,out,32,29,42,2,1,110.34,T20I # 1859
194,Zimbabwe Vs Netherlands,Netherlands,4,Colin Ackermann,out,1,5,6,0,0,20,T20I # 1859
195,Zimbabwe Vs Netherlands,Netherlands,5,Bas de Leede,not out,12,12,21,2,0,100,T20I # 1859
196,Zimbabwe Vs Netherlands,Netherlands,6,Scott Edwards (c)†,out,5,6,8,1,0,83.33,T20I # 1859
197,Zimbabwe Vs Netherlands,Netherlands,7,Roelof van der Merwe,not out,0,3,6,0,0,0,T20I # 1859
198,England Vs New Zealand,England,1,Jos Buttler (c)†,out,73,47,82,7,2,155.31,T20I # 1858
199,England Vs New Zealand,England,2,Alex Hales,out,52,40,46,7,1,130,T20I # 1858
200,England Vs New Zealand,England,3,Moeen Ali,out,5,6,13,0,0,83.33,T20I # 1858
201,England Vs New Zealand,England,4,Liam Livingstone,out,20,14,20,1,1,142.85,T20I # 1858
202,England Vs New Zealand,England,5,Harry Brook,out,7,3,6,0,1,233.33,T20I # 1858
203,England Vs New Zealand,England,6,Ben Stokes,out,8,7,11,0,0,114.28,T20I # 1858
204,England Vs New Zealand,England,7,Sam Curran,not out,6,3,7,0,1,200,T20I # 1858
205,England Vs New Zealand,England,8,Dawid Malan,not out,3,1,1,0,0,300,T20I # 1858
206,England Vs New Zealand,New Zealand,1,Finn Allen,out,16,11,25,0,1,145.45,T20I # 1858
207,England Vs New Zealand,New Zealand,2,Devon Conway †,out,3,9,12,0,0,33.33,T20I # 1858
208,England Vs New Zealand,New Zealand,3,Kane Williamson (c),out,40,40,57,3,0,100,T20I # 1858
209,England Vs New Zealand,New Zealand,4,Glenn Phillips,out,62,36,64,4,3,172.22,T20I # 1858
210,England Vs New Zealand,New Zealand,5,James Neesham,out,6,3,7,1,0,200,T20I # 1858
211,England Vs New Zealand,New Zealand,6,Daryl Mitchell,out,3,5,10,0,0,60,T20I # 1858
212,England Vs New Zealand,New Zealand,7,Mitchell Santner,not out,16,10,19,0,1,160,T20I # 1858
213,England Vs New Zealand,New Zealand,8,Ish Sodhi,not out,6,6,4,0,0,100,T20I # 1858
214,Afghanistan Vs Sri Lanka,Afghanistan,1,Rahmanullah Gurbaz †,out,28,24,33,2,2,116.66,T20I # 1856
215,Afghanistan Vs Sri Lanka,Afghanistan,2,Usman Ghani,out,27,27,54,2,1,100,T20I # 1856
216,Afghanistan Vs Sri Lanka,Afghanistan,3,Ibrahim Zadran,out,22,18,35,1,1,122.22,T20I # 1856
217,Afghanistan Vs Sri Lanka,Afghanistan,4,Najibullah Zadran,out,18,16,29,1,0,112.5,T20I # 1856
218,Afghanistan Vs Sri Lanka,Afghanistan,5,Gulbadin Naib,out,12,14,25,0,0,85.71,T20I # 1856
219,Afghanistan Vs Sri Lanka,Afghanistan,6,Mohammad Nabi (c),out,13,8,15,1,0,162.5,T20I # 1856
220,Afghanistan Vs Sri Lanka,Afghanistan,7,Rashid Khan,out,9,8,10,1,0,112.5,T20I # 1856
221,Afghanistan Vs Sri Lanka,Afghanistan,8,Azmatullah Omarzai,not out,3,4,3,0,0,75,T20I # 1856
222,Afghanistan Vs Sri Lanka,Afghanistan,9,Mujeeb Ur Rahman,out,1,2,1,0,0,50,T20I # 1856
223,Afghanistan Vs Sri Lanka,Sri Lanka,1,Pathum Nissanka,out,10,10,10,2,0,100,T20I # 1856
224,Afghanistan Vs Sri Lanka,Sri Lanka,2,Kusal Mendis †,out,25,27,33,2,1,92.59,T20I # 1856
225,Afghanistan Vs Sri Lanka,Sri Lanka,3,Dhananjaya de Silva,not out,66,42,78,6,2,157.14,T20I # 1856
226,Afghanistan Vs Sri Lanka,Sri Lanka,4,Charith Asalanka,out,19,18,27,1,0,105.55,T20I # 1856
227,Afghanistan Vs Sri Lanka,Sri Lanka,5,Bhanuka Rajapaksa,out,18,14,24,3,0,128.57,T20I # 1856
228,Afghanistan Vs Sri Lanka,Sri Lanka,6,Dasun Shanaka (c),not out,0,0,4,0,0,-,T20I # 1856
229,Australia Vs Ireland,Australia,1,David Warner,out,3,7,13,0,0,42.85,T20I # 1855
230,Australia Vs Ireland,Australia,2,Aaron Finch (c),out,63,44,87,5,3,143.18,T20I # 1855
231,Australia Vs Ireland,Australia,3,Mitchell Marsh,out,28,22,28,2,2,127.27,T20I # 1855
232,Australia Vs Ireland,Australia,4,Glenn Maxwell,out,13,9,18,0,1,144.44,T20I # 1855
233,Australia Vs Ireland,Australia,5,Marcus Stoinis,out,35,25,41,3,1,140,T20I # 1855
234,Australia Vs Ireland,Australia,6,Tim David,not out,15,10,15,2,0,150,T20I # 1855
235,Australia Vs Ireland,Australia,7,Matthew Wade †,not out,7,3,7,1,0,233.33,T20I # 1855
236,Australia Vs Ireland,Ireland,1,Paul Stirling,out,11,7,11,1,1,157.14,T20I # 1855
237,Australia Vs Ireland,Ireland,2,Andy Balbirnie (c),out,6,7,11,0,1,85.71,T20I # 1855
238,Australia Vs Ireland,Ireland,3,Lorcan Tucker †,not out,71,48,81,9,1,147.91,T20I # 1855
239,Australia Vs Ireland,Ireland,4,Harry Tector,out,6,4,3,1,0,150,T20I # 1855
240,Australia Vs Ireland,Ireland,5,Curtis Campher,out,0,1,5,0,0,0,T20I # 1855
241,Australia Vs Ireland,Ireland,6,George Dockrell,out,0,4,4,0,0,0,T20I # 1855
242,Australia Vs Ireland,Ireland,7,Gareth Delany,out,14,10,27,2,0,140,T20I # 1855
243,Australia Vs Ireland,Ireland,8,Mark Adair,out,11,11,13,1,0,100,T20I # 1855
244,Australia Vs Ireland,Ireland,9,Fionn Hand,out,6,6,10,1,0,100,T20I # 1855
245,Australia Vs Ireland,Ireland,10,Barry McCarthy,out,3,7,16,0,0,42.85,T20I # 1855
246,Australia Vs Ireland,Ireland,11,Josh Little,out,1,5,6,0,0,20,T20I # 1855
247,India Vs South Africa,India,1,KL Rahul,out,9,14,25,0,1,64.28,T20I # 1853
248,India Vs South Africa,India,2,Rohit Sharma (c),out,15,14,22,1,1,107.14,T20I # 1853
249,India Vs South Africa,India,3,Virat Kohli,out,12,11,13,2,0,109.09,T20I # 1853
250,India Vs South Africa,India,4,Suryakumar Yadav,out,68,40,68,6,3,170,T20I # 1853
251,India Vs South Africa,India,5,Deepak Hooda,out,0,3,4,0,0,0,T20I # 1853
252,India Vs South Africa,India,6,Hardik Pandya,out,2,3,6,0,0,66.66,T20I # 1853
253,India Vs South Africa,India,7,Dinesh Karthik †,out,6,15,33,0,0,40,T20I # 1853
254,India Vs South Africa,India,8,Ravichandran Ashwin,out,7,11,15,0,0,63.63,T20I # 1853
255,India Vs South Africa,India,9,Bhuvneshwar Kumar,not out,4,6,9,0,0,66.66,T20I # 1853
256,India Vs South Africa,India,10,Mohammed Shami,out,0,2,5,0,0,0,T20I # 1853
257,India Vs South Africa,India,11,Arshdeep Singh,not out,2,1,2,0,0,200,T20I # 1853
258,India Vs South Africa,South Africa,1,Quinton de Kock †,out,1,3,7,0,0,33.33,T20I # 1853
259,India Vs South Africa,South Africa,2,Temba Bavuma (c),out,10,15,30,0,1,66.66,T20I # 1853
260,India Vs South Africa,South Africa,3,Rilee Rossouw,out,0,2,4,0,0,0,T20I # 1853
261,India Vs South Africa,South Africa,4,Aiden Markram,out,52,41,72,6,1,126.82,T20I # 1853
262,India Vs South Africa,South Africa,5,David Miller,not out,59,46,78,4,3,128.26,T20I # 1853
263,India Vs South Africa,South Africa,6,Tristan Stubbs,out,6,6,15,1,0,100,T20I # 1853
264,India Vs South Africa,South Africa,7,Wayne Parnell,not out,2,5,11,0,0,40,T20I # 1853
265,Netherlands Vs Pakistan,Netherlands,1,Stephan Myburgh,out,6,11,13,1,0,54.54,T20I # 1852
266,Netherlands Vs Pakistan,Netherlands,2,Max O'Dowd,out,8,13,41,0,0,61.53,T20I # 1852
267,Netherlands Vs Pakistan,Netherlands,3,Bas de Leede,out,6,16,15,1,0,37.5,T20I # 1852
268,Netherlands Vs Pakistan,Netherlands,4,Tom Cooper,out,1,2,4,0,0,50,T20I # 1852
269,Netherlands Vs Pakistan,Netherlands,5,Colin Ackermann,out,27,27,40,2,0,100,T20I # 1852
270,Netherlands Vs Pakistan,Netherlands,6,Scott Edwards (c)†,out,15,20,38,1,0,75,T20I # 1852
271,Netherlands Vs Pakistan,Netherlands,7,Roelof van der Merwe,out,5,6,12,0,0,83.33,T20I # 1852
272,Netherlands Vs Pakistan,Netherlands,8,Tim Pringle,out,5,8,15,0,0,62.5,T20I # 1852
273,Netherlands Vs Pakistan,Netherlands,9,Logan van Beek,not out,6,9,18,0,0,66.66,T20I # 1852
274,Netherlands Vs Pakistan,Netherlands,10,Fred Klaassen,out,0,1,1,0,0,0,T20I # 1852
275,Netherlands Vs Pakistan,Netherlands,11,Paul van Meekeren,out,7,7,8,0,0,100,T20I # 1852
276,Netherlands Vs Pakistan,Pakistan,1,Mohammad Rizwan †,out,49,39,66,5,0,125.64,T20I # 1852
277,Netherlands Vs Pakistan,Pakistan,2,Babar Azam (c),out,4,5,10,1,0,80,T20I # 1852
278,Netherlands Vs Pakistan,Pakistan,3,Fakhar Zaman,out,20,16,27,3,0,125,T20I # 1852
279,Netherlands Vs Pakistan,Pakistan,4,Shan Masood,out,12,16,35,0,0,75,T20I # 1852
280,Netherlands Vs Pakistan,Pakistan,5,Iftikhar Ahmed,not out,6,5,10,0,0,120,T20I # 1852
281,Netherlands Vs Pakistan,Pakistan,6,Shadab Khan,not out,4,2,2,1,0,200,T20I # 1852
282,Bangladesh Vs Zimbabwe,Bangladesh,1,Najmul Hossain Shanto,out,71,55,77,7,1,129.09,T20I # 1851
283,Bangladesh Vs Zimbabwe,Bangladesh,2,Soumya Sarkar,out,0,2,9,0,0,0,T20I # 1851
284,Bangladesh Vs Zimbabwe,Bangladesh,3,Litton Das,out,14,12,22,3,0,116.66,T20I # 1851
285,Bangladesh Vs Zimbabwe,Bangladesh,4,Shakib Al Hasan (c),out,23,20,32,1,0,115,T20I # 1851
286,Bangladesh Vs Zimbabwe,Bangladesh,5,Afif Hossain,out,29,19,40,1,1,152.63,T20I # 1851
287,Bangladesh Vs Zimbabwe,Bangladesh,6,Mosaddek Hossain,out,7,10,18,0,0,70,T20I # 1851
288,Bangladesh Vs Zimbabwe,Bangladesh,7,Nurul Hasan †,out,1,1,5,0,0,100,T20I # 1851
289,Bangladesh Vs Zimbabwe,Bangladesh,8,Yasir Ali,not out,1,1,3,0,0,100,T20I # 1851
290,Bangladesh Vs Zimbabwe,Zimbabwe,1,Wessly Madhevere,out,4,3,1,1,0,133.33,T20I # 1851
291,Bangladesh Vs Zimbabwe,Zimbabwe,2,Craig Ervine (c),out,8,7,16,2,0,114.28,T20I # 1851
292,Bangladesh Vs Zimbabwe,Zimbabwe,3,Milton Shumba,out,8,15,24,1,0,53.33,T20I # 1851
293,Bangladesh Vs Zimbabwe,Zimbabwe,4,Sean Williams,out,64,42,75,8,0,152.38,T20I # 1851
294,Bangladesh Vs Zimbabwe,Zimbabwe,5,Sikandar Raza,out,0,3,4,0,0,0,T20I # 1851
295,Bangladesh Vs Zimbabwe,Zimbabwe,6,Regis Chakabva †,out,15,19,24,0,0,78.94,T20I # 1851
296,Bangladesh Vs Zimbabwe,Zimbabwe,7,Ryan Burl,not out,27,25,50,2,1,108,T20I # 1851
297,Bangladesh Vs Zimbabwe,Zimbabwe,8,Brad Evans,out,2,2,5,0,0,100,T20I # 1851
298,Bangladesh Vs Zimbabwe,Zimbabwe,9,Richard Ngarava,out,6,3,6,0,1,200,T20I # 1851
299,Bangladesh Vs Zimbabwe,Zimbabwe,10,Blessing Muzarabani,not out,0,2,6,0,0,0,T20I # 1851
300,New Zealand Vs Sri Lanka,New Zealand,1,Finn Allen,out,1,3,3,0,0,33.33,T20I # 1850
301,New Zealand Vs Sri Lanka,New Zealand,2,Devon Conway †,out,1,4,14,0,0,25,T20I # 1850
302,New Zealand Vs Sri Lanka,New Zealand,3,Kane Williamson (c),out,8,13,18,1,0,61.53,T20I # 1850
303,New Zealand Vs Sri Lanka,New Zealand,4,Glenn Phillips,out,104,64,87,10,4,162.5,T20I # 1850
304,New Zealand Vs Sri Lanka,New Zealand,5,Daryl Mitchell,out,22,24,52,0,0,91.66,T20I # 1850
305,New Zealand Vs Sri Lanka,New Zealand,6,James Neesham,out,5,8,15,0,0,62.5,T20I # 1850
306,New Zealand Vs Sri Lanka,New Zealand,7,Mitchell Santner,not out,11,5,17,0,1,220,T20I # 1850
307,New Zealand Vs Sri Lanka,New Zealand,8,Ish Sodhi,out,1,1,3,0,0,100,T20I # 1850
308,New Zealand Vs Sri Lanka,New Zealand,9,Tim Southee,not out,4,1,1,1,0,400,T20I # 1850
309,New Zealand Vs Sri Lanka,Sri Lanka,1,Pathum Nissanka,out,0,5,5,0,0,0,T20I # 1850
310,New Zealand Vs Sri Lanka,Sri Lanka,2,Kusal Mendis †,out,4,3,9,1,0,133.33,T20I # 1850
311,New Zealand Vs Sri Lanka,Sri Lanka,3,Dhananjaya de Silva,out,0,3,8,0,0,0,T20I # 1850
312,New Zealand Vs Sri Lanka,Sri Lanka,4,Charith Asalanka,out,4,8,11,0,0,50,T20I # 1850
313,New Zealand Vs Sri Lanka,Sri Lanka,5,Bhanuka Rajapaksa,out,34,22,38,3,2,154.54,T20I # 1850
314,New Zealand Vs Sri Lanka,Sri Lanka,6,Chamika Karunaratne,out,3,8,13,0,0,37.5,T20I # 1850
315,New Zealand Vs Sri Lanka,Sri Lanka,7,Dasun Shanaka (c),out,35,32,49,4,1,109.37,T20I # 1850
316,New Zealand Vs Sri Lanka,Sri Lanka,8,Wanindu Hasaranga,out,4,6,6,1,0,66.66,T20I # 1850
317,New Zealand Vs Sri Lanka,Sri Lanka,9,Maheesh Theekshana,out,0,3,5,0,0,0,T20I # 1850
318,New Zealand Vs Sri Lanka,Sri Lanka,10,Kasun Rajitha,not out,8,21,30,0,0,38.09,T20I # 1850
319,New Zealand Vs Sri Lanka,Sri Lanka,11,Lahiru Kumara,out,4,5,10,1,0,80,T20I # 1850
320,Zimbabwe Vs Pakistan,Zimbabwe,1,Wessly Madhevere,out,17,13,30,3,0,130.76,T20I # 1849
321,Zimbabwe Vs Pakistan,Zimbabwe,2,Craig Ervine (c),out,19,19,26,2,0,100,T20I # 1849
322,Zimbabwe Vs Pakistan,Zimbabwe,3,Milton Shumba,out,8,10,22,1,0,80,T20I # 1849
323,Zimbabwe Vs Pakistan,Zimbabwe,4,Sean Williams,out,31,28,37,3,0,110.71,T20I # 1849
324,Zimbabwe Vs Pakistan,Zimbabwe,5,Sikandar Raza,out,9,16,22,1,0,56.25,T20I # 1849
325,Zimbabwe Vs Pakistan,Zimbabwe,6,Regis Chakabva †,out,0,1,2,0,0,0,T20I # 1849
326,Zimbabwe Vs Pakistan,Zimbabwe,7,Ryan Burl,not out,10,15,30,0,0,66.66,T20I # 1849
327,Zimbabwe Vs Pakistan,Zimbabwe,8,Luke Jongwe,out,0,1,2,0,0,0,T20I # 1849
328,Zimbabwe Vs Pakistan,Zimbabwe,9,Brad Evans,out,19,15,24,0,1,126.66,T20I # 1849
329,Zimbabwe Vs Pakistan,Zimbabwe,10,Richard Ngarava,not out,3,2,3,0,0,150,T20I # 1849
330,Zimbabwe Vs Pakistan,Pakistan,1,Mohammad Rizwan †,out,14,16,23,1,1,87.5,T20I # 1849
331,Zimbabwe Vs Pakistan,Pakistan,2,Babar Azam (c),out,4,9,17,1,0,44.44,T20I # 1849
332,Zimbabwe Vs Pakistan,Pakistan,3,Shan Masood,out,44,38,61,3,0,115.78,T20I # 1849
333,Zimbabwe Vs Pakistan,Pakistan,4,Iftikhar Ahmed,out,5,10,16,1,0,50,T20I # 1849
334,Zimbabwe Vs Pakistan,Pakistan,5,Shadab Khan,out,17,14,27,0,1,121.42,T20I # 1849
335,Zimbabwe Vs Pakistan,Pakistan,6,Haider Ali,out,0,1,3,0,0,0,T20I # 1849
336,Zimbabwe Vs Pakistan,Pakistan,7,Mohammad Nawaz,out,22,18,36,1,1,122.22,T20I # 1849
337,Zimbabwe Vs Pakistan,Pakistan,8,Mohammad Wasim,not out,12,13,29,2,0,92.3,T20I # 1849
338,Zimbabwe Vs Pakistan,Pakistan,9,Shaheen Shah Afridi,out,1,1,3,0,0,100,T20I # 1849
339,India Vs Netherlands,India,1,KL Rahul,out,9,12,12,1,0,75,T20I # 1848
340,India Vs Netherlands,India,2,Rohit Sharma (c),out,53,39,53,4,3,135.89,T20I # 1848
341,India Vs Netherlands,India,3,Virat Kohli,not out,62,44,79,3,2,140.9,T20I # 1848
342,India Vs Netherlands,India,4,Suryakumar Yadav,not out,51,25,38,7,1,204,T20I # 1848
343,India Vs Netherlands,Netherlands,1,Vikramjit Singh,out,1,9,13,0,0,11.11,T20I # 1848
344,India Vs Netherlands,Netherlands,2,Max O'Dowd,out,16,10,22,3,0,160,T20I # 1848
345,India Vs Netherlands,Netherlands,3,Bas de Leede,out,16,23,27,0,0,69.56,T20I # 1848
346,India Vs Netherlands,Netherlands,4,Colin Ackermann,out,17,21,31,1,0,80.95,T20I # 1848
347,India Vs Netherlands,Netherlands,5,Tom Cooper,out,9,12,12,0,0,75,T20I # 1848
348,India Vs Netherlands,Netherlands,6,Scott Edwards (c)†,out,5,8,21,0,0,62.5,T20I # 1848
349,India Vs Netherlands,Netherlands,7,Tim Pringle,out,20,15,14,1,1,133.33,T20I # 1848
350,India Vs Netherlands,Netherlands,8,Logan van Beek,out,3,5,11,0,0,60,T20I # 1848
351,India Vs Netherlands,Netherlands,9,Shariz Ahmad,not out,16,11,18,2,0,145.45,T20I # 1848
352,India Vs Netherlands,Netherlands,10,Fred Klaassen,out,0,1,3,0,0,0,T20I # 1848
353,India Vs Netherlands,Netherlands,11,Paul van Meekeren,not out,14,6,9,3,0,233.33,T20I # 1848
354,South Africa Vs Bangladesh,South Africa,1,Temba Bavuma (c),out,2,6,6,0,0,33.33,T20I # 1847
355,South Africa Vs Bangladesh,South Africa,2,Quinton de Kock †,out,63,38,77,7,3,165.78,T20I # 1847
356,South Africa Vs Bangladesh,South Africa,3,Rilee Rossouw,out,109,56,90,7,8,194.64,T20I # 1847
357,South Africa Vs Bangladesh,South Africa,4,Tristan Stubbs,out,7,7,9,1,0,100,T20I # 1847
358,South Africa Vs Bangladesh,South Africa,5,Aiden Markram,out,10,11,16,1,0,90.9,T20I # 1847
359,South Africa Vs Bangladesh,South Africa,6,David Miller,not out,2,4,8,0,0,50,T20I # 1847
360,South Africa Vs Bangladesh,South Africa,7,Wayne Parnell,not out,0,2,2,0,0,0,T20I # 1847
361,South Africa Vs Bangladesh,Bangladesh,1,Najmul Hossain Shanto,out,9,9,15,1,0,100,T20I # 1847
362,South Africa Vs Bangladesh,Bangladesh,2,Soumya Sarkar,out,15,6,11,0,2,250,T20I # 1847
363,South Africa Vs Bangladesh,Bangladesh,3,Litton Das,out,34,31,57,1,1,109.67,T20I # 1847
364,South Africa Vs Bangladesh,Bangladesh,4,Shakib Al Hasan (c),out,1,4,11,0,0,25,T20I # 1847
365,South Africa Vs Bangladesh,Bangladesh,5,Afif Hossain,out,1,5,8,0,0,20,T20I # 1847
366,South Africa Vs Bangladesh,Bangladesh,6,Mehidy Hasan Miraz,out,11,13,17,0,0,84.61,T20I # 1847
367,South Africa Vs Bangladesh,Bangladesh,7,Mosaddek Hossain,out,0,3,4,0,0,0,T20I # 1847
368,South Africa Vs Bangladesh,Bangladesh,8,Nurul Hasan †,out,2,6,7,0,0,33.33,T20I # 1847
369,South Africa Vs Bangladesh,Bangladesh,9,Taskin Ahmed,out,10,17,22,1,0,58.82,T20I # 1847
370,South Africa Vs Bangladesh,Bangladesh,10,Hasan Mahmud,out,0,2,7,0,0,0,T20I # 1847
371,South Africa Vs Bangladesh,Bangladesh,11,Mustafizur Rahman,not out,9,3,8,0,1,300,T20I # 1847
372,Ireland Vs England,Ireland,1,Paul Stirling,out,14,8,16,1,1,175,T20I # 1846
373,Ireland Vs England,Ireland,2,Andy Balbirnie (c),out,62,47,74,5,2,131.91,T20I # 1846
374,Ireland Vs England,Ireland,3,Lorcan Tucker †,out,34,27,42,3,1,125.92,T20I # 1846
375,Ireland Vs England,Ireland,4,Harry Tector,out,0,2,3,0,0,0,T20I # 1846
376,Ireland Vs England,Ireland,5,Curtis Campher,out,18,11,22,3,0,163.63,T20I # 1846
377,Ireland Vs England,Ireland,6,George Dockrell,out,0,1,2,0,0,0,T20I # 1846
378,Ireland Vs England,Ireland,7,Gareth Delany,not out,12,10,22,1,0,120,T20I # 1846
379,Ireland Vs England,Ireland,8,Mark Adair,out,4,4,8,0,0,100,T20I # 1846
380,Ireland Vs England,Ireland,9,Barry McCarthy,out,3,3,4,0,0,100,T20I # 1846
381,Ireland Vs England,Ireland,10,Fionn Hand,out,1,2,4,0,0,50,T20I # 1846
382,Ireland Vs England,Ireland,11,Josh Little,out,0,1,3,0,0,0,T20I # 1846
383,Ireland Vs England,England,1,Jos Buttler (c)†,out,0,2,3,0,0,0,T20I # 1846
384,Ireland Vs England,England,2,Alex Hales,out,7,5,14,1,0,140,T20I # 1846
385,Ireland Vs England,England,3,Dawid Malan,out,35,37,66,2,0,94.59,T20I # 1846
386,Ireland Vs England,England,4,Ben Stokes,out,6,8,14,0,0,75,T20I # 1846
387,Ireland Vs England,England,5,Harry Brook,out,18,21,30,1,0,85.71,T20I # 1846
388,Ireland Vs England,England,6,Moeen Ali,not out,24,12,18,3,1,200,T20I # 1846
389,Ireland Vs England,England,7,Liam Livingstone,not out,1,2,7,0,0,50,T20I # 1846
390,Sri Lanka Vs Australia,Sri Lanka,1,Pathum Nissanka,out,40,45,65,2,0,88.88,T20I # 1845
391,Sri Lanka Vs Australia,Sri Lanka,2,Kusal Mendis †,out,5,6,9,1,0,83.33,T20I # 1845
392,Sri Lanka Vs Australia,Sri Lanka,3,Dhananjaya de Silva,out,26,23,47,3,0,113.04,T20I # 1845
393,Sri Lanka Vs Australia,Sri Lanka,4,Charith Asalanka,not out,38,25,45,3,2,152,T20I # 1845
394,Sri Lanka Vs Australia,Sri Lanka,5,Bhanuka Rajapaksa,out,7,5,9,1,0,140,T20I # 1845
395,Sri Lanka Vs Australia,Sri Lanka,6,Dasun Shanaka (c),out,3,5,6,0,0,60,T20I # 1845
396,Sri Lanka Vs Australia,Sri Lanka,7,Wanindu Hasaranga,out,1,4,8,0,0,25,T20I # 1845
397,Sri Lanka Vs Australia,Sri Lanka,8,Chamika Karunaratne,not out,14,7,16,2,0,200,T20I # 1845
398,Sri Lanka Vs Australia,Australia,1,David Warner,out,11,10,26,0,0,110,T20I # 1845
399,Sri Lanka Vs Australia,Australia,2,Aaron Finch (c),not out,31,42,89,0,1,73.8,T20I # 1845
400,Sri Lanka Vs Australia,Australia,3,Mitchell Marsh,out,17,17,20,1,1,100,T20I # 1845
401,Sri Lanka Vs Australia,Australia,4,Glenn Maxwell,out,23,12,21,2,2,191.66,T20I # 1845
402,Sri Lanka Vs Australia,Australia,5,Marcus Stoinis,not out,59,18,22,4,6,327.77,T20I # 1845
403,Zimbabwe Vs South Africa,Zimbabwe,1,Regis Chakabva †,out,8,8,13,0,1,100,T20I # 1844
404,Zimbabwe Vs South Africa,Zimbabwe,2,Craig Ervine (c),out,2,6,11,0,0,33.33,T20I # 1844
405,Zimbabwe Vs South Africa,Zimbabwe,3,Sean Williams,out,1,1,10,0,0,100,T20I # 1844
406,Zimbabwe Vs South Africa,Zimbabwe,4,Sikandar Raza,out,0,2,3,0,0,0,T20I # 1844
407,Zimbabwe Vs South Africa,Zimbabwe,5,Wessly Madhevere,not out,35,18,37,4,1,194.44,T20I # 1844
408,Zimbabwe Vs South Africa,Zimbabwe,6,Milton Shumba,out,18,20,32,2,0,90,T20I # 1844
409,Zimbabwe Vs South Africa,South Africa,1,Quinton de Kock †,not out,47,18,26,8,1,261.11,T20I # 1844
410,Zimbabwe Vs South Africa,South Africa,2,Temba Bavuma (c),not out,2,2,26,0,0,100,T20I # 1844
411,Bangladesh Vs Netherlands,Bangladesh,1,Najmul Hossain Shanto,out,25,20,31,4,0,125,T20I # 1843
412,Bangladesh Vs Netherlands,Bangladesh,2,Soumya Sarkar,out,14,14,24,2,0,100,T20I # 1843
413,Bangladesh Vs Netherlands,Bangladesh,3,Litton Das,out,9,11,17,0,0,81.81,T20I # 1843
414,Bangladesh Vs Netherlands,Bangladesh,4,Shakib Al Hasan (c),out,7,9,14,0,0,77.77,T20I # 1843
415,Bangladesh Vs Netherlands,Bangladesh,5,Afif Hossain,out,38,27,47,2,2,140.74,T20I # 1843
416,Bangladesh Vs Netherlands,Bangladesh,6,Yasir Ali,out,3,5,9,0,0,60,T20I # 1843
417,Bangladesh Vs Netherlands,Bangladesh,7,Nurul Hasan †,out,13,18,28,0,0,72.22,T20I # 1843
418,Bangladesh Vs Netherlands,Bangladesh,8,Mosaddek Hossain,not out,20,12,12,2,1,166.66,T20I # 1843
419,Bangladesh Vs Netherlands,Bangladesh,9,Taskin Ahmed,out,0,1,3,0,0,0,T20I # 1843
420,Bangladesh Vs Netherlands,Bangladesh,10,Hasan Mahmud,not out,0,3,6,0,0,0,T20I # 1843
421,Bangladesh Vs Netherlands,Netherlands,1,Vikramjit Singh,out,0,1,4,0,0,0,T20I # 1843
422,Bangladesh Vs Netherlands,Netherlands,2,Max O'Dowd,out,8,8,21,0,1,100,T20I # 1843
423,Bangladesh Vs Netherlands,Netherlands,3,Bas de Leede,out,0,1,2,0,0,0,T20I # 1843
424,Bangladesh Vs Netherlands,Netherlands,4,Colin Ackermann,out,62,48,77,6,2,129.16,T20I # 1843
425,Bangladesh Vs Netherlands,Netherlands,5,Tom Cooper,out,0,0,2,0,0,-,T20I # 1843
426,Bangladesh Vs Netherlands,Netherlands,6,Scott Edwards (c)†,out,16,24,33,1,0,66.66,T20I # 1843
427,Bangladesh Vs Netherlands,Netherlands,7,Tim Pringle,out,1,6,5,0,0,16.66,T20I # 1843
428,Bangladesh Vs Netherlands,Netherlands,8,Logan van Beek,out,2,5,9,0,0,40,T20I # 1843
429,Bangladesh Vs Netherlands,Netherlands,9,Shariz Ahmad,out,9,8,9,1,0,112.5,T20I # 1843
430,Bangladesh Vs Netherlands,Netherlands,10,Fred Klaassen,not out,7,6,20,0,0,116.66,T20I # 1843
431,Bangladesh Vs Netherlands,Netherlands,11,Paul van Meekeren,out,24,14,16,3,1,171.42,T20I # 1843
432,Pakistan Vs India,Pakistan,1,Mohammad Rizwan †,out,4,12,25,1,0,33.33,T20I # 1842
433,Pakistan Vs India,Pakistan,2,Babar Azam (c),out,0,1,10,0,0,0,T20I # 1842
434,Pakistan Vs India,Pakistan,3,Shan Masood,not out,52,42,101,5,0,123.8,T20I # 1842
435,Pakistan Vs India,Pakistan,4,Iftikhar Ahmed,out,51,34,43,2,4,150,T20I # 1842
436,Pakistan Vs India,Pakistan,5,Shadab Khan,out,5,6,6,1,0,83.33,T20I # 1842
437,Pakistan Vs India,Pakistan,6,Haider Ali,out,2,4,6,0,0,50,T20I # 1842
438,Pakistan Vs India,Pakistan,7,Mohammad Nawaz,out,9,6,12,2,0,150,T20I # 1842
439,Pakistan Vs India,Pakistan,8,Asif Ali,out,2,3,6,0,0,66.66,T20I # 1842
440,Pakistan Vs India,Pakistan,9,Shaheen Shah Afridi,out,16,8,17,1,1,200,T20I # 1842
441,Pakistan Vs India,Pakistan,10,Haris Rauf,not out,6,4,3,0,1,150,T20I # 1842
442,Pakistan Vs India,India,1,KL Rahul,out,4,8,13,0,0,50,T20I # 1842
443,Pakistan Vs India,India,2,Rohit Sharma (c),out,4,7,20,0,0,57.14,T20I # 1842
444,Pakistan Vs India,India,3,Virat Kohli,not out,82,53,98,6,4,154.71,T20I # 1842
445,Pakistan Vs India,India,4,Suryakumar Yadav,out,15,10,11,2,0,150,T20I # 1842
446,Pakistan Vs India,India,5,Axar Patel,out,2,3,7,0,0,66.66,T20I # 1842
447,Pakistan Vs India,India,6,Hardik Pandya,out,40,37,61,1,2,108.1,T20I # 1842
448,Pakistan Vs India,India,7,Dinesh Karthik †,out,1,2,10,0,0,50,T20I # 1842
449,Pakistan Vs India,India,8,Ravichandran Ashwin,not out,1,1,2,0,0,100,T20I # 1842
450,Ireland Vs Sri Lanka,Ireland,1,Paul Stirling,out,34,25,45,4,1,136,T20I # 1841
451,Ireland Vs Sri Lanka,Ireland,2,Andy Balbirnie (c),out,1,5,7,0,0,20,T20I # 1841
452,Ireland Vs Sri Lanka,Ireland,3,Lorcan Tucker †,out,10,11,20,1,0,90.9,T20I # 1841
453,Ireland Vs Sri Lanka,Ireland,4,Harry Tector,out,45,42,59,2,1,107.14,T20I # 1841
454,Ireland Vs Sri Lanka,Ireland,5,Curtis Campher,out,2,4,6,0,0,50,T20I # 1841
455,Ireland Vs Sri Lanka,Ireland,6,George Dockrell,out,14,16,25,0,0,87.5,T20I # 1841
456,Ireland Vs Sri Lanka,Ireland,7,Gareth Delany,out,9,6,10,1,0,150,T20I # 1841
457,Ireland Vs Sri Lanka,Ireland,8,Mark Adair,out,0,1,5,0,0,0,T20I # 1841
458,Ireland Vs Sri Lanka,Ireland,9,Simi Singh,not out,7,8,9,1,0,87.5,T20I # 1841
459,Ireland Vs Sri Lanka,Ireland,10,Barry McCarthy,not out,2,2,7,0,0,100,T20I # 1841
460,Ireland Vs Sri Lanka,Sri Lanka,1,Kusal Mendis †,not out,68,43,68,5,3,158.13,T20I # 1841
461,Ireland Vs Sri Lanka,Sri Lanka,2,Dhananjaya de Silva,out,31,25,35,2,1,124,T20I # 1841
462,Ireland Vs Sri Lanka,Sri Lanka,3,Charith Asalanka,not out,31,22,33,2,0,140.9,T20I # 1841
463,Afghanistan Vs England,Afghanistan,1,Hazratullah Zazai,out,7,17,31,1,0,41.17,T20I # 1840
464,Afghanistan Vs England,Afghanistan,2,Rahmanullah Gurbaz †,out,10,9,13,0,1,111.11,T20I # 1840
465,Afghanistan Vs England,Afghanistan,3,Ibrahim Zadran,out,32,32,41,3,1,100,T20I # 1840
466,Afghanistan Vs England,Afghanistan,4,Usman Ghani,out,30,30,60,3,0,100,T20I # 1840
467,Afghanistan Vs England,Afghanistan,5,Najibullah Zadran,out,13,11,15,0,1,118.18,T20I # 1840
468,Afghanistan Vs England,Afghanistan,6,Mohammad Nabi (c),out,3,5,7,0,0,60,T20I # 1840
469,Afghanistan Vs England,Afghanistan,7,Azmatullah Omarzai,out,8,6,11,1,0,133.33,T20I # 1840
470,Afghanistan Vs England,Afghanistan,8,Rashid Khan,out,0,1,2,0,0,0,T20I # 1840
471,Afghanistan Vs England,Afghanistan,9,Mujeeb Ur Rahman,out,0,1,3,0,0,0,T20I # 1840
472,Afghanistan Vs England,Afghanistan,10,Fareed Ahmad,not out,2,4,7,0,0,50,T20I # 1840
473,Afghanistan Vs England,Afghanistan,11,Fazalhaq Farooqi,out,0,2,3,0,0,0,T20I # 1840
474,Afghanistan Vs England,England,1,Jos Buttler (c)†,out,18,18,25,3,0,100,T20I # 1840
475,Afghanistan Vs England,England,2,Alex Hales,out,19,20,41,0,1,95,T20I # 1840
476,Afghanistan Vs England,England,3,Dawid Malan,out,18,30,40,0,0,60,T20I # 1840
477,Afghanistan Vs England,England,4,Ben Stokes,out,2,4,11,0,0,50,T20I # 1840
478,Afghanistan Vs England,England,5,Liam Livingstone,not out,29,21,34,3,0,138.09,T20I # 1840
479,Afghanistan Vs England,England,6,Harry Brook,out,7,6,9,0,0,116.66,T20I # 1840
480,Afghanistan Vs England,England,7,Moeen Ali,not out,8,10,13,0,0,80,T20I # 1840
481,New Zealand Vs Australia,New Zealand,1,Finn Allen,out,42,16,24,5,3,262.5,T20I # 1839
482,New Zealand Vs Australia,New Zealand,2,Devon Conway †,not out,92,58,106,7,2,158.62,T20I # 1839
483,New Zealand Vs Australia,New Zealand,3,Kane Williamson (c),out,23,23,48,1,1,100,T20I # 1839
484,New Zealand Vs Australia,New Zealand,4,Glenn Phillips,out,12,10,16,2,0,120,T20I # 1839
485,New Zealand Vs Australia,New Zealand,5,James Neesham,not out,26,13,19,0,2,200,T20I # 1839
486,New Zealand Vs Australia,Australia,1,David Warner,out,5,6,7,1,0,83.33,T20I # 1839
487,New Zealand Vs Australia,Australia,2,Aaron Finch (c),out,13,11,20,1,1,118.18,T20I # 1839
488,New Zealand Vs Australia,Australia,3,Mitchell Marsh,out,16,12,17,2,1,133.33,T20I # 1839
489,New Zealand Vs Australia,Australia,4,Glenn Maxwell,out,28,20,47,3,1,140,T20I # 1839
490,New Zealand Vs Australia,Australia,5,Marcus Stoinis,out,7,14,16,0,0,50,T20I # 1839
491,New Zealand Vs Australia,Australia,6,Tim David,out,11,8,12,0,1,137.5,T20I # 1839
492,New Zealand Vs Australia,Australia,7,Matthew Wade †,out,2,4,10,0,0,50,T20I # 1839
493,New Zealand Vs Australia,Australia,8,Pat Cummins,out,21,18,27,2,1,116.66,T20I # 1839
494,New Zealand Vs Australia,Australia,9,Mitchell Starc,out,4,7,13,0,0,57.14,T20I # 1839
495,New Zealand Vs Australia,Australia,10,Adam Zampa,out,0,2,3,0,0,0,T20I # 1839
496,New Zealand Vs Australia,Australia,11,Josh Hazlewood,not out,1,1,6,0,0,100,T20I # 1839
497,Scotland Vs Zimbabwe,Scotland,1,George Munsey,out,54,51,74,7,0,105.88,T20I # 1838
498,Scotland Vs Zimbabwe,Scotland,2,Michael Jones,out,4,5,6,1,0,80,T20I # 1838
499,Scotland Vs Zimbabwe,Scotland,3,Matthew Cross †,out,1,7,15,0,0,14.28,T20I # 1838
500,Scotland Vs Zimbabwe,Scotland,4,Richie Berrington (c),out,13,15,24,0,0,86.66,T20I # 1838
501,Scotland Vs Zimbabwe,Scotland,5,Calum MacLeod,out,25,26,46,1,0,96.15,T20I # 1838
502,Scotland Vs Zimbabwe,Scotland,6,Michael Leask,out,12,9,11,2,0,133.33,T20I # 1838
503,Scotland Vs Zimbabwe,Scotland,7,Chris Greaves,not out,3,7,10,0,0,42.85,T20I # 1838
504,Scotland Vs Zimbabwe,Scotland,8,Josh Davey,not out,4,3,3,0,0,133.33,T20I # 1838
505,Scotland Vs Zimbabwe,Zimbabwe,1,Regis Chakabva †,out,4,3,3,1,0,133.33,T20I # 1838
506,Scotland Vs Zimbabwe,Zimbabwe,2,Craig Ervine (c),out,58,54,79,6,0,107.4,T20I # 1838
507,Scotland Vs Zimbabwe,Zimbabwe,3,Wessly Madhevere,out,0,5,8,0,0,0,T20I # 1838
508,Scotland Vs Zimbabwe,Zimbabwe,4,Sean Williams,out,7,12,28,0,0,58.33,T20I # 1838
509,Scotland Vs Zimbabwe,Zimbabwe,5,Sikandar Raza,out,40,23,34,3,2,173.91,T20I # 1838
510,Scotland Vs Zimbabwe,Zimbabwe,6,Milton Shumba,not out,11,11,16,0,0,100,T20I # 1838
511,Scotland Vs Zimbabwe,Zimbabwe,7,Ryan Burl,not out,9,5,7,1,0,180,T20I # 1838
512,West Indies Vs Ireland,West Indies,1,Kyle Mayers,out,1,5,12,0,0,20,T20I # 1837
513,West Indies Vs Ireland,West Indies,2,Johnson Charles,out,24,18,22,3,1,133.33,T20I # 1837
514,West Indies Vs Ireland,West Indies,3,Evin Lewis,out,13,18,42,0,0,72.22,T20I # 1837
515,West Indies Vs Ireland,West Indies,4,Brandon King,not out,62,48,80,6,1,129.16,T20I # 1837
516,West Indies Vs Ireland,West Indies,5,Nicholas Pooran (c)†,out,13,11,16,0,1,118.18,T20I # 1837
517,West Indies Vs Ireland,West Indies,6,Rovman Powell,out,6,8,12,1,0,75,T20I # 1837
518,West Indies Vs Ireland,West Indies,7,Odean Smith,not out,19,12,18,1,2,158.33,T20I # 1837
519,West Indies Vs Ireland,Ireland,1,Paul Stirling,not out,66,48,79,6,2,137.5,T20I # 1837
520,West Indies Vs Ireland,Ireland,2,Andy Balbirnie (c),out,37,23,34,3,3,160.86,T20I # 1837
521,West Indies Vs Ireland,Ireland,3,Lorcan Tucker †,not out,45,35,46,2,2,128.57,T20I # 1837
522,United Arab Emirates Vs Namibia,United Arab Emirates,1,Muhammad Waseem,out,50,41,66,1,3,121.95,T20I # 1836
523,United Arab Emirates Vs Namibia,United Arab Emirates,2,Vriitya Aravind †,out,21,32,34,2,0,65.62,T20I # 1836
524,United Arab Emirates Vs Namibia,United Arab Emirates,3,Chundangapoyil Rizwan (c),not out,43,29,55,3,1,148.27,T20I # 1836
525,United Arab Emirates Vs Namibia,United Arab Emirates,4,Alishan Sharafu,out,4,4,10,0,0,100,T20I # 1836
526,United Arab Emirates Vs Namibia,United Arab Emirates,5,Basil Hameed,not out,25,14,13,2,2,178.57,T20I # 1836
527,United Arab Emirates Vs Namibia,Namibia,1,Michael van Lingen,out,10,8,14,1,0,125,T20I # 1836
528,United Arab Emirates Vs Namibia,Namibia,2,Stephan Baard,out,4,6,9,1,0,66.66,T20I # 1836
529,United Arab Emirates Vs Namibia,Namibia,3,Jan Nicol Loftie-Eaton,out,1,6,17,0,0,16.66,T20I # 1836
530,United Arab Emirates Vs Namibia,Namibia,4,Gerhard Erasmus (c),out,16,18,23,2,0,88.88,T20I # 1836
531,United Arab Emirates Vs Namibia,Namibia,5,Jan Frylinck,out,14,17,33,1,0,82.35,T20I # 1836
532,United Arab Emirates Vs Namibia,Namibia,6,JJ Smit,out,3,3,3,0,0,100,T20I # 1836
533,United Arab Emirates Vs Namibia,Namibia,7,David Wiese,out,55,36,65,3,3,152.77,T20I # 1836
534,United Arab Emirates Vs Namibia,Namibia,8,Zane Green †,out,2,3,3,0,0,66.66,T20I # 1836
535,United Arab Emirates Vs Namibia,Namibia,9,Ruben Trumpelmann,not out,25,24,43,1,1,104.16,T20I # 1836
536,United Arab Emirates Vs Namibia,Namibia,10,Bernard Scholtz,not out,1,1,-,0,0,100,T20I # 1836
537,Sri Lanka Vs Netherlands,Sri Lanka,1,Pathum Nissanka,out,14,21,25,0,1,66.66,T20I # 1835
538,Sri Lanka Vs Netherlands,Sri Lanka,2,Kusal Mendis †,out,79,44,94,5,5,179.54,T20I # 1835
539,Sri Lanka Vs Netherlands,Sri Lanka,3,Dhananjaya de Silva,out,0,1,2,0,0,0,T20I # 1835
540,Sri Lanka Vs Netherlands,Sri Lanka,4,Charith Asalanka,out,31,30,38,3,0,103.33,T20I # 1835
541,Sri Lanka Vs Netherlands,Sri Lanka,5,Bhanuka Rajapaksa,out,19,13,18,2,0,146.15,T20I # 1835
542,Sri Lanka Vs Netherlands,Sri Lanka,6,Dasun Shanaka (c),out,8,5,9,0,1,160,T20I # 1835
543,Sri Lanka Vs Netherlands,Sri Lanka,7,Wanindu Hasaranga,not out,5,4,8,0,0,125,T20I # 1835
544,Sri Lanka Vs Netherlands,Sri Lanka,8,Chamika Karunaratne,not out,2,2,4,0,0,100,T20I # 1835
545,Sri Lanka Vs Netherlands,Netherlands,1,Max O'Dowd,not out,71,53,99,6,3,133.96,T20I # 1835
546,Sri Lanka Vs Netherlands,Netherlands,2,Vikramjit Singh,out,7,14,18,0,0,50,T20I # 1835
547,Sri Lanka Vs Netherlands,Netherlands,3,Bas de Leede,out,14,10,12,1,1,140,T20I # 1835
548,Sri Lanka Vs Netherlands,Netherlands,4,Colin Ackermann,out,0,1,4,0,0,0,T20I # 1835
549,Sri Lanka Vs Netherlands,Netherlands,5,Tom Cooper,out,16,19,23,2,0,84.21,T20I # 1835
550,Sri Lanka Vs Netherlands,Netherlands,6,Scott Edwards (c)†,out,21,15,16,3,0,140,T20I # 1835
551,Sri Lanka Vs Netherlands,Netherlands,7,Tim Pringle,out,2,4,8,0,0,50,T20I # 1835
552,Sri Lanka Vs Netherlands,Netherlands,8,Timm van der Gugten,out,0,1,2,0,0,0,T20I # 1835
553,Sri Lanka Vs Netherlands,Netherlands,9,Fred Klaassen,out,3,3,5,0,0,100,T20I # 1835
554,Sri Lanka Vs Netherlands,Netherlands,10,Paul van Meekeren,out,0,0,4,0,0,-,T20I # 1835
555,Sri Lanka Vs Netherlands,Netherlands,11,Roelof van der Merwe,not out,0,1,14,0,0,0,T20I # 1835
556,West Indies Vs Zimbabwe,West Indies,1,Kyle Mayers,out,13,12,17,2,0,108.33,T20I # 1834
557,West Indies Vs Zimbabwe,West Indies,2,Johnson Charles,out,45,36,60,3,2,125,T20I # 1834
558,West Indies Vs Zimbabwe,West Indies,3,Evin Lewis,out,15,18,28,1,0,83.33,T20I # 1834
559,West Indies Vs Zimbabwe,West Indies,4,Nicholas Pooran (c)†,out,7,9,10,0,0,77.77,T20I # 1834
560,West Indies Vs Zimbabwe,West Indies,5,Rovman Powell,out,28,21,40,1,2,133.33,T20I # 1834
561,West Indies Vs Zimbabwe,West Indies,6,Shamarh Brooks,out,0,3,5,0,0,0,T20I # 1834
562,West Indies Vs Zimbabwe,West Indies,7,Jason Holder,out,4,3,3,0,0,133.33,T20I # 1834
563,West Indies Vs Zimbabwe,West Indies,8,Akeal Hosein,not out,23,18,31,2,0,127.77,T20I # 1834
564,West Indies Vs Zimbabwe,West Indies,9,Odean Smith,not out,1,2,2,0,0,50,T20I # 1834
565,West Indies Vs Zimbabwe,Zimbabwe,1,Wessly Madhevere,out,27,19,37,3,1,142.1,T20I # 1834
566,West Indies Vs Zimbabwe,Zimbabwe,2,Regis Chakabva (c)†,out,13,9,14,3,0,144.44,T20I # 1834
567,West Indies Vs Zimbabwe,Zimbabwe,3,Tony Munyonga,out,2,6,12,0,0,33.33,T20I # 1834
568,West Indies Vs Zimbabwe,Zimbabwe,4,Sean Williams,out,1,2,4,0,0,50,T20I # 1834
569,West Indies Vs Zimbabwe,Zimbabwe,5,Sikandar Raza,out,14,8,12,1,1,175,T20I # 1834
570,West Indies Vs Zimbabwe,Zimbabwe,6,Milton Shumba,out,2,9,20,0,0,22.22,T20I # 1834
571,West Indies Vs Zimbabwe,Zimbabwe,7,Ryan Burl,out,17,19,30,3,0,89.47,T20I # 1834
572,West Indies Vs Zimbabwe,Zimbabwe,8,Luke Jongwe,out,29,22,31,3,1,131.81,T20I # 1834
573,West Indies Vs Zimbabwe,Zimbabwe,9,Richard Ngarava,out,2,6,11,0,0,33.33,T20I # 1834
574,West Indies Vs Zimbabwe,Zimbabwe,10,Tendai Chatara,out,3,8,12,0,0,37.5,T20I # 1834
575,West Indies Vs Zimbabwe,Zimbabwe,11,Blessing Muzarabani,not out,1,4,4,0,0,25,T20I # 1834
576,Scotland Vs Ireland,Scotland,1,George Munsey,out,1,2,9,0,0,50,T20I # 1833
577,Scotland Vs Ireland,Scotland,2,Michael Jones,out,86,55,95,6,4,156.36,T20I # 1833
578,Scotland Vs Ireland,Scotland,3,Matthew Cross †,out,28,21,33,5,0,133.33,T20I # 1833
579,Scotland Vs Ireland,Scotland,4,Richie Berrington (c),out,37,27,39,3,1,137.03,T20I # 1833
580,Scotland Vs Ireland,Scotland,5,Michael Leask,not out,17,13,19,2,0,130.76,T20I # 1833
581,Scotland Vs Ireland,Scotland,6,Calum MacLeod,out,0,3,6,0,0,0,T20I # 1833
582,Scotland Vs Ireland,Ireland,1,Paul Stirling,out,8,10,22,1,0,80,T20I # 1833
583,Scotland Vs Ireland,Ireland,2,Andy Balbirnie (c),out,14,12,15,2,0,116.66,T20I # 1833
584,Scotland Vs Ireland,Ireland,3,Lorcan Tucker †,out,20,17,28,2,0,117.64,T20I # 1833
585,Scotland Vs Ireland,Ireland,4,Harry Tector,out,14,16,23,1,0,87.5,T20I # 1833
586,Scotland Vs Ireland,Ireland,5,Curtis Campher,not out,72,32,48,7,2,225,T20I # 1833
587,Scotland Vs Ireland,Ireland,6,George Dockrell,not out,39,27,42,4,1,144.44,T20I # 1833
588,Sri Lanka Vs United Arab Emirates,Sri Lanka,1,Pathum Nissanka,out,74,60,105,6,2,123.33,T20I # 1832
589,Sri Lanka Vs United Arab Emirates,Sri Lanka,2,Kusal Mendis †,out,18,13,24,2,0,138.46,T20I # 1832
590,Sri Lanka Vs United Arab Emirates,Sri Lanka,3,Dhananjaya de Silva,out,33,21,30,3,1,157.14,T20I # 1832
591,Sri Lanka Vs United Arab Emirates,Sri Lanka,4,Bhanuka Rajapaksa,out,5,8,19,0,0,62.5,T20I # 1832
592,Sri Lanka Vs United Arab Emirates,Sri Lanka,5,Charith Asalanka,out,0,1,2,0,0,0,T20I # 1832
593,Sri Lanka Vs United Arab Emirates,Sri Lanka,6,Dasun Shanaka (c),out,0,1,2,0,0,0,T20I # 1832
594,Sri Lanka Vs United Arab Emirates,Sri Lanka,7,Wanindu Hasaranga,out,2,3,3,0,0,66.66,T20I # 1832
595,Sri Lanka Vs United Arab Emirates,Sri Lanka,8,Chamika Karunaratne,out,8,11,22,1,0,72.72,T20I # 1832
596,Sri Lanka Vs United Arab Emirates,Sri Lanka,9,Pramod Madushan,not out,1,1,4,0,0,100,T20I # 1832
597,Sri Lanka Vs United Arab Emirates,Sri Lanka,10,Dushmantha Chameera,not out,1,1,2,0,0,100,T20I # 1832
598,Sri Lanka Vs United Arab Emirates,United Arab Emirates,1,Muhammad Waseem,out,2,4,13,0,0,50,T20I # 1832
599,Sri Lanka Vs United Arab Emirates,United Arab Emirates,2,Chirag Suri,out,14,19,31,3,0,73.68,T20I # 1832
600,Sri Lanka Vs United Arab Emirates,United Arab Emirates,3,Aryan Lakra,out,1,3,4,0,0,33.33,T20I # 1832
601,Sri Lanka Vs United Arab Emirates,United Arab Emirates,4,Chundangapoyil Rizwan (c),out,1,3,8,0,0,33.33,T20I # 1832
602,Sri Lanka Vs United Arab Emirates,United Arab Emirates,5,Vriitya Aravind †,out,9,18,26,1,0,50,T20I # 1832
603,Sri Lanka Vs United Arab Emirates,United Arab Emirates,6,Basil Hameed,out,2,6,14,0,0,33.33,T20I # 1832
604,Sri Lanka Vs United Arab Emirates,United Arab Emirates,7,Aayan Afzal Khan,out,19,21,33,1,0,90.47,T20I # 1832
605,Sri Lanka Vs United Arab Emirates,United Arab Emirates,8,Kashif Daud,out,0,4,8,0,0,0,T20I # 1832
606,Sri Lanka Vs United Arab Emirates,United Arab Emirates,9,Karthik Meiyappan,out,4,8,11,0,0,50,T20I # 1832
607,Sri Lanka Vs United Arab Emirates,United Arab Emirates,10,Junaid Siddique,out,18,16,22,1,1,112.5,T20I # 1832
608,Sri Lanka Vs United Arab Emirates,United Arab Emirates,11,Zahoor Khan,not out,1,1,15,0,0,100,T20I # 1832
609,Namibia Vs Netherlands,Namibia,1,Michael van Lingen,out,20,19,20,3,0,105.26,T20I # 1830
610,Namibia Vs Netherlands,Namibia,2,Divan la Cock,out,0,2,5,0,0,0,T20I # 1830
611,Namibia Vs Netherlands,Namibia,3,Stephan Baard,out,19,22,46,0,0,86.36,T20I # 1830
612,Namibia Vs Netherlands,Namibia,4,Jan Nicol Loftie-Eaton,out,0,2,3,0,0,0,T20I # 1830
613,Namibia Vs Netherlands,Namibia,5,Jan Frylinck,out,43,48,63,1,1,89.58,T20I # 1830
614,Namibia Vs Netherlands,Namibia,6,Gerhard Erasmus (c),out,16,18,37,0,0,88.88,T20I # 1830
615,Namibia Vs Netherlands,Namibia,7,David Wiese,not out,11,5,8,1,0,220,T20I # 1830
616,Namibia Vs Netherlands,Namibia,8,JJ Smit,not out,5,4,6,1,0,125,T20I # 1830
617,Namibia Vs Netherlands,Netherlands,1,Max O'Dowd,out,35,35,59,1,1,100,T20I # 1830
618,Namibia Vs Netherlands,Netherlands,2,Vikramjit Singh,out,39,31,37,3,2,125.8,T20I # 1830
619,Namibia Vs Netherlands,Netherlands,3,Bas de Leede,not out,30,30,51,2,0,100,T20I # 1830
620,Namibia Vs Netherlands,Netherlands,4,Tom Cooper,out,6,6,7,1,0,100,T20I # 1830
621,Namibia Vs Netherlands,Netherlands,5,Colin Ackermann,out,0,2,2,0,0,0,T20I # 1830
622,Namibia Vs Netherlands,Netherlands,6,Scott Edwards (c)†,out,1,5,5,0,0,20,T20I # 1830
623,Namibia Vs Netherlands,Netherlands,7,Tim Pringle,not out,8,9,14,0,0,88.88,T20I # 1830
624,Zimbabwe Vs Ireland,Zimbabwe,1,Regis Chakabva †,out,0,2,3,0,0,0,T20I # 1828
625,Zimbabwe Vs Ireland,Zimbabwe,2,Craig Ervine (c),out,9,12,28,1,0,75,T20I # 1828
626,Zimbabwe Vs Ireland,Zimbabwe,3,Wessly Madhevere,out,22,19,22,4,0,115.78,T20I # 1828
627,Zimbabwe Vs Ireland,Zimbabwe,4,Sean Williams,out,12,11,24,0,1,109.09,T20I # 1828
628,Zimbabwe Vs Ireland,Zimbabwe,5,Sikandar Raza,out,82,48,72,5,5,170.83,T20I # 1828
629,Zimbabwe Vs Ireland,Zimbabwe,6,Milton Shumba,out,16,14,26,1,0,114.28,T20I # 1828
630,Zimbabwe Vs Ireland,Zimbabwe,7,Ryan Burl,out,1,4,9,0,0,25,T20I # 1828
631,Zimbabwe Vs Ireland,Zimbabwe,8,Luke Jongwe,not out,20,10,14,3,0,200,T20I # 1828
632,Zimbabwe Vs Ireland,Ireland,1,Paul Stirling,out,0,2,3,0,0,0,T20I # 1828
633,Zimbabwe Vs Ireland,Ireland,2,Andy Balbirnie (c),out,3,4,20,0,0,75,T20I # 1828
634,Zimbabwe Vs Ireland,Ireland,3,Lorcan Tucker †,out,11,11,10,2,0,100,T20I # 1828
635,Zimbabwe Vs Ireland,Ireland,4,Harry Tector,out,1,4,5,0,0,25,T20I # 1828
636,Zimbabwe Vs Ireland,Ireland,5,Curtis Campher,out,27,22,41,1,0,122.72,T20I # 1828
637,Zimbabwe Vs Ireland,Ireland,6,George Dockrell,out,24,20,25,3,0,120,T20I # 1828
638,Zimbabwe Vs Ireland,Ireland,7,Gareth Delany,out,24,20,23,1,1,120,T20I # 1828
639,Zimbabwe Vs Ireland,Ireland,8,Mark Adair,out,9,10,18,0,1,90,T20I # 1828
640,Zimbabwe Vs Ireland,Ireland,9,Simi Singh,out,0,1,1,0,0,0,T20I # 1828
641,Zimbabwe Vs Ireland,Ireland,10,Barry McCarthy,not out,22,16,23,1,2,137.5,T20I # 1828
642,Zimbabwe Vs Ireland,Ireland,11,Josh Little,not out,7,11,17,1,0,63.63,T20I # 1828
643,Scotland Vs West Indies,Scotland,1,George Munsey,not out,66,53,106,9,0,124.52,T20I # 1826
644,Scotland Vs West Indies,Scotland,2,Michael Jones,out,20,17,36,3,0,117.64,T20I # 1826
645,Scotland Vs West Indies,Scotland,3,Matthew Cross †,out,3,5,10,0,0,60,T20I # 1826
646,Scotland Vs West Indies,Scotland,4,Richie Berrington (c),out,16,14,21,0,1,114.28,T20I # 1826
647,Scotland Vs West Indies,Scotland,5,Calum MacLeod,out,23,14,15,4,0,164.28,T20I # 1826
648,Scotland Vs West Indies,Scotland,6,Michael Leask,out,4,6,8,0,0,66.66,T20I # 1826
649,Scotland Vs West Indies,Scotland,7,Chris Greaves,not out,16,11,19,2,0,145.45,T20I # 1826
650,Scotland Vs West Indies,West Indies,1,Kyle Mayers,out,20,13,12,3,1,153.84,T20I # 1826
651,Scotland Vs West Indies,West Indies,2,Evin Lewis,out,14,13,30,1,1,107.69,T20I # 1826
652,Scotland Vs West Indies,West Indies,3,Brandon King,out,17,15,24,3,0,113.33,T20I # 1826
653,Scotland Vs West Indies,West Indies,4,Nicholas Pooran (c)†,out,5,9,14,0,0,55.55,T20I # 1826
654,Scotland Vs West Indies,West Indies,5,Shamarh Brooks,out,4,9,24,0,0,44.44,T20I # 1826
655,Scotland Vs West Indies,West Indies,6,Rovman Powell,out,5,6,12,0,0,83.33,T20I # 1826
656,Scotland Vs West Indies,West Indies,7,Jason Holder,out,38,33,37,4,1,115.15,T20I # 1826
657,Scotland Vs West Indies,West Indies,8,Akeal Hosein,out,1,1,4,0,0,100,T20I # 1826
658,Scotland Vs West Indies,West Indies,9,Alzarri Joseph,out,0,1,4,0,0,0,T20I # 1826
659,Scotland Vs West Indies,West Indies,10,Odean Smith,out,5,8,14,0,0,62.5,T20I # 1826
660,Scotland Vs West Indies,West Indies,11,Obed McCoy,not out,2,3,10,0,0,66.66,T20I # 1826
661,United Arab Emirates Vs Netherlands,United Arab Emirates,1,Chirag Suri,out,12,20,28,1,0,60,T20I # 1825
662,United Arab Emirates Vs Netherlands,United Arab Emirates,2,Muhammad Waseem,out,41,47,71,1,2,87.23,T20I # 1825
663,United Arab Emirates Vs Netherlands,United Arab Emirates,3,Kashif Daud,out,15,14,19,0,1,107.14,T20I # 1825
664,United Arab Emirates Vs Netherlands,United Arab Emirates,4,Vriitya Aravind †,out,18,21,37,0,0,85.71,T20I # 1825
665,United Arab Emirates Vs Netherlands,United Arab Emirates,5,Zawar Farid,out,2,4,8,0,0,50,T20I # 1825
666,United Arab Emirates Vs Netherlands,United Arab Emirates,6,Basil Hameed,out,4,4,7,1,0,100,T20I # 1825
667,United Arab Emirates Vs Netherlands,United Arab Emirates,7,Chundangapoyil Rizwan (c),out,1,2,7,0,0,50,T20I # 1825
668,United Arab Emirates Vs Netherlands,United Arab Emirates,8,Aayan Afzal Khan,out,5,7,8,0,0,71.42,T20I # 1825
669,United Arab Emirates Vs Netherlands,United Arab Emirates,9,Karthik Meiyappan,not out,0,0,4,0,0,-,T20I # 1825
670,United Arab Emirates Vs Netherlands,United Arab Emirates,10,Junaid Siddique,not out,0,1,1,0,0,0,T20I # 1825
671,United Arab Emirates Vs Netherlands,Netherlands,1,Vikramjit Singh,out,10,7,8,2,0,142.85,T20I # 1825
672,United Arab Emirates Vs Netherlands,Netherlands,2,Max O'Dowd,out,23,18,25,3,1,127.77,T20I # 1825
673,United Arab Emirates Vs Netherlands,Netherlands,3,Bas de Leede,out,14,18,37,1,0,77.77,T20I # 1825
674,United Arab Emirates Vs Netherlands,Netherlands,4,Colin Ackermann,out,17,19,33,1,0,89.47,T20I # 1825
675,United Arab Emirates Vs Netherlands,Netherlands,5,Tom Cooper,out,8,16,22,0,0,50,T20I # 1825
676,United Arab Emirates Vs Netherlands,Netherlands,6,Scott Edwards (c)†,not out,16,19,42,0,0,84.21,T20I # 1825
677,United Arab Emirates Vs Netherlands,Netherlands,7,Roelof van der Merwe,out,0,2,4,0,0,0,T20I # 1825
678,United Arab Emirates Vs Netherlands,Netherlands,8,Tim Pringle,out,15,16,26,0,0,93.75,T20I # 1825
679,United Arab Emirates Vs Netherlands,Netherlands,9,Logan van Beek,not out,4,4,7,0,0,100,T20I # 1825
680,Namibia Vs Sri Lanka,Namibia,1,Michael van Lingen,out,3,6,7,0,0,50,T20I # 1823
681,Namibia Vs Sri Lanka,Namibia,2,Divan la Cock,out,9,9,15,1,0,100,T20I # 1823
682,Namibia Vs Sri Lanka,Namibia,3,Jan Nicol Loftie-Eaton,out,20,12,18,1,2,166.66,T20I # 1823
683,Namibia Vs Sri Lanka,Namibia,4,Stephan Baard,out,26,24,49,2,0,108.33,T20I # 1823
684,Namibia Vs Sri Lanka,Namibia,5,Gerhard Erasmus (c),out,20,24,30,0,0,83.33,T20I # 1823
685,Namibia Vs Sri Lanka,Namibia,6,Jan Frylinck,out,44,28,44,4,0,157.14,T20I # 1823
686,Namibia Vs Sri Lanka,Namibia,7,David Wiese,out,0,1,4,0,0,0,T20I # 1823
687,Namibia Vs Sri Lanka,Namibia,8,JJ Smit,not out,31,16,29,2,2,193.75,T20I # 1823
688,Namibia Vs Sri Lanka,Sri Lanka,1,Pathum Nissanka,out,9,10,16,1,0,90,T20I # 1823
689,Namibia Vs Sri Lanka,Sri Lanka,2,Kusal Mendis †,out,6,6,8,0,0,100,T20I # 1823
690,Namibia Vs Sri Lanka,Sri Lanka,3,Dhananjaya de Silva,out,12,11,25,1,0,109.09,T20I # 1823
691,Namibia Vs Sri Lanka,Sri Lanka,4,Danushka Gunathilaka,out,0,1,2,0,0,0,T20I # 1823
692,Namibia Vs Sri Lanka,Sri Lanka,5,Bhanuka Rajapaksa,out,20,21,39,2,0,95.23,T20I # 1823
693,Namibia Vs Sri Lanka,Sri Lanka,6,Dasun Shanaka (c),out,29,23,37,2,1,126.08,T20I # 1823
694,Namibia Vs Sri Lanka,Sri Lanka,7,Wanindu Hasaranga,out,4,8,9,0,0,50,T20I # 1823
695,Namibia Vs Sri Lanka,Sri Lanka,8,Chamika Karunaratne,out,5,8,15,0,0,62.5,T20I # 1823
696,Namibia Vs Sri Lanka,Sri Lanka,9,Pramod Madushan,out,0,0,4,0,0,-,T20I # 1823
697,Namibia Vs Sri Lanka,Sri Lanka,10,Dushmantha Chameera,out,8,15,20,0,0,53.33,T20I # 1823
698,Namibia Vs Sri Lanka,Sri Lanka,11,Maheesh Theekshana,not out,11,11,14,0,1,100,T20I # 1823
