,match,bowlingTeam,bowler,overs,maiden,runs,wicktes,economy,zeros,fours,sixex,wides,noBalls,match_id
0,Pakistan Vs England,Pakistan,Ben Stokes,4,0,32,1,8,6,1,0,2,1,T20I # 1879
1,Pakistan Vs England,Pakistan,Chris Woakes,3,0,26,0,8.66,7,2,1,2,0,T20I # 1879
2,Pakistan Vs England,Pakistan,Sam Curran,4,0,12,3,3,15,0,0,0,0,T20I # 1879
3,Pakistan Vs England,Pakistan,Adil Rashid,4,1,22,2,5.5,10,1,0,1,0,T20I # 1879
4,Pakistan Vs England,Pakistan,Chris Jordan,4,0,27,2,6.75,9,3,0,0,0,T20I # 1879
5,Pakistan Vs England,Pakistan,Liam Livingstone,1,0,16,0,16,1,1,1,1,0,T20I # 1879
6,Pakistan Vs England,England,Shaheen Shah Afridi,2.1,0,13,1,6,6,1,0,0,0,T20I # 1879
7,Pakistan Vs England,England,Naseem Shah,4,0,30,0,7.5,15,3,1,1,0,T20I # 1879
8,Pakistan Vs England,England,Haris Rauf,4,0,23,2,5.75,13,3,0,1,0,T20I # 1879
9,Pakistan Vs England,England,Shadab Khan,4,0,20,1,5,10,1,0,0,0,T20I # 1879
10,Pakistan Vs England,England,Mohammad Wasim,4,0,38,1,9.5,5,5,0,2,0,T20I # 1879
11,Pakistan Vs England,England,Iftikhar Ahmed,0.5,0,13,0,15.6,0,1,1,0,0,T20I # 1879
12,India Vs England,India,Ben Stokes,2,0,18,0,9,5,2,1,0,0,T20I # 1878
13,India Vs England,India,Chris Woakes,3,0,24,1,8,5,1,1,2,0,T20I # 1878
14,India Vs England,India,Sam Curran,4,0,42,0,10.5,9,5,2,0,0,T20I # 1878
15,India Vs England,India,Adil Rashid,4,0,20,1,5,8,1,0,0,0,T20I # 1878
16,India Vs England,India,Liam Livingstone,3,0,21,0,7,7,3,0,0,0,T20I # 1878
17,India Vs England,India,Chris Jordan,4,0,43,3,10.75,8,3,3,1,0,T20I # 1878
18,India Vs England,England,Bhuvneshwar Kumar,2,0,25,0,12.5,4,3,1,1,0,T20I # 1878
19,India Vs England,England,Arshdeep Singh,2,0,15,0,7.5,4,2,0,1,0,T20I # 1878
20,India Vs England,England,Axar Patel,4,0,30,0,7.5,10,2,2,0,0,T20I # 1878
21,India Vs England,England,Mohammed Shami,3,0,39,0,13,7,4,3,0,0,T20I # 1878
22,India Vs England,England,Ravichandran Ashwin,2,0,27,0,13.5,1,1,2,1,0,T20I # 1878
23,India Vs England,England,Hardik Pandya,3,0,34,0,11.33,5,1,2,0,0,T20I # 1878
24,New Zealand Vs Pakistan,New Zealand,Shaheen Shah Afridi,4,0,24,2,6,11,2,0,0,0,T20I # 1877
25,New Zealand Vs Pakistan,New Zealand,Naseem Shah,4,0,30,0,7.5,8,3,0,0,0,T20I # 1877
26,New Zealand Vs Pakistan,New Zealand,Haris Rauf,4,0,32,0,8,6,2,0,0,0,T20I # 1877
27,New Zealand Vs Pakistan,New Zealand,Mohammad Wasim,2,0,15,0,7.5,3,0,1,0,0,T20I # 1877
28,New Zealand Vs Pakistan,New Zealand,Shadab Khan,4,0,33,0,8.25,7,3,1,0,0,T20I # 1877
29,New Zealand Vs Pakistan,New Zealand,Mohammad Nawaz,2,0,12,1,6,2,0,0,0,0,T20I # 1877
30,New Zealand Vs Pakistan,Pakistan,Trent Boult,4,0,33,2,8.25,9,5,0,0,0,T20I # 1877
31,New Zealand Vs Pakistan,Pakistan,Tim Southee,3.1,0,24,0,7.57,7,3,0,2,0,T20I # 1877
32,New Zealand Vs Pakistan,Pakistan,Lockie Ferguson,4,0,37,0,9.25,7,4,1,1,0,T20I # 1877
33,New Zealand Vs Pakistan,Pakistan,Mitchell Santner,4,0,26,1,6.5,6,1,0,0,0,T20I # 1877
34,New Zealand Vs Pakistan,Pakistan,Ish Sodhi,4,0,26,0,6.5,4,1,0,0,0,T20I # 1877
35,India Vs Zimbabwe,India,Richard Ngarava,4,1,44,1,11,12,2,4,1,1,T20I # 1873
36,India Vs Zimbabwe,India,Tendai Chatara,4,0,34,0,8.5,5,3,1,0,0,T20I # 1873
37,India Vs Zimbabwe,India,Blessing Muzarabani,4,0,50,1,12.5,5,8,0,1,0,T20I # 1873
38,India Vs Zimbabwe,India,Wellington Masakadza,2,0,12,0,6,5,1,0,1,0,T20I # 1873
39,India Vs Zimbabwe,India,Ryan Burl,1,0,14,0,14,1,1,1,0,0,T20I # 1873
40,India Vs Zimbabwe,India,Sikandar Raza,3,0,18,1,6,5,0,1,0,0,T20I # 1873
41,India Vs Zimbabwe,India,Sean Williams,2,0,9,2,4.5,6,0,0,2,0,T20I # 1873
42,India Vs Zimbabwe,Zimbabwe,Bhuvneshwar Kumar,3,1,11,1,3.66,14,1,0,1,0,T20I # 1873
43,India Vs Zimbabwe,Zimbabwe,Arshdeep Singh,2,0,9,1,4.5,9,1,0,2,0,T20I # 1873
44,India Vs Zimbabwe,Zimbabwe,Mohammed Shami,2,0,14,2,7,7,1,1,0,0,T20I # 1873
45,India Vs Zimbabwe,Zimbabwe,Hardik Pandya,3,0,16,2,5.33,10,1,0,2,1,T20I # 1873
46,India Vs Zimbabwe,Zimbabwe,Ravichandran Ashwin,4,0,22,3,5.5,13,3,0,1,0,T20I # 1873
47,India Vs Zimbabwe,Zimbabwe,Axar Patel,3.2,0,40,1,12,4,5,1,0,0,T20I # 1873
48,Bangladesh Vs Pakistan,Bangladesh,Shaheen Shah Afridi,4,0,22,4,5.5,13,2,1,0,0,T20I # 1872
49,Bangladesh Vs Pakistan,Bangladesh,Naseem Shah,3,0,15,0,5,9,2,0,0,0,T20I # 1872
50,Bangladesh Vs Pakistan,Bangladesh,Mohammad Wasim,2,0,19,0,9.5,5,1,1,1,0,T20I # 1872
51,Bangladesh Vs Pakistan,Bangladesh,Haris Rauf,4,0,21,1,5.25,11,2,0,0,0,T20I # 1872
52,Bangladesh Vs Pakistan,Bangladesh,Shadab Khan,4,0,30,2,7.5,8,3,0,0,0,T20I # 1872
53,Bangladesh Vs Pakistan,Bangladesh,Iftikhar Ahmed,3,0,15,1,5,9,2,0,0,0,T20I # 1872
54,Bangladesh Vs Pakistan,Pakistan,Taskin Ahmed,3,0,26,0,8.66,10,1,2,0,1,T20I # 1872
55,Bangladesh Vs Pakistan,Pakistan,Nasum Ahmed,4,0,14,1,3.5,13,0,0,2,0,T20I # 1872
56,Bangladesh Vs Pakistan,Pakistan,Shakib Al Hasan,4,0,35,1,8.75,6,5,0,0,0,T20I # 1872
57,Bangladesh Vs Pakistan,Pakistan,Mustafizur Rahman,4,0,21,1,5.25,8,0,0,0,0,T20I # 1872
58,Bangladesh Vs Pakistan,Pakistan,Ebadot Hossain,3.1,0,25,1,7.89,7,1,1,0,1,T20I # 1872
59,Netherlands Vs South Africa,Netherlands,Wayne Parnell,4,0,32,0,8,10,2,2,1,0,T20I # 1871
60,Netherlands Vs South Africa,Netherlands,Kagiso Rabada,3,0,37,0,12.33,6,7,0,0,0,T20I # 1871
61,Netherlands Vs South Africa,Netherlands,Lungi Ngidi,3,0,35,0,11.66,3,5,0,0,0,T20I # 1871
62,Netherlands Vs South Africa,Netherlands,Anrich Nortje,4,0,10,1,2.5,14,0,0,0,0,T20I # 1871
63,Netherlands Vs South Africa,Netherlands,Keshav Maharaj,4,0,27,2,6.75,12,1,2,0,0,T20I # 1871
64,Netherlands Vs South Africa,Netherlands,Aiden Markram,2,0,16,1,8,3,0,1,1,0,T20I # 1871
65,Netherlands Vs South Africa,South Africa,Fred Klaassen,4,0,20,2,5,15,3,0,0,0,T20I # 1871
66,Netherlands Vs South Africa,South Africa,Paul van Meekeren,3,0,33,1,11,5,1,2,1,1,T20I # 1871
67,Netherlands Vs South Africa,South Africa,Colin Ackermann,3,0,16,0,5.33,6,1,0,0,0,T20I # 1871
68,Netherlands Vs South Africa,South Africa,Roelof van der Merwe,2,0,19,0,9.5,2,2,0,0,0,T20I # 1871
69,Netherlands Vs South Africa,South Africa,Brandon Glover,2,0,9,3,4.5,5,0,0,1,0,T20I # 1871
70,Netherlands Vs South Africa,South Africa,Logan van Beek,3,0,23,0,7.66,4,1,1,0,0,T20I # 1871
71,Netherlands Vs South Africa,South Africa,Bas de Leede,3,0,25,2,8.33,4,1,0,1,2,T20I # 1871
72,Sri Lanka Vs England,Sri Lanka,Ben Stokes,3,0,24,1,8,8,1,2,0,0,T20I # 1867
73,Sri Lanka Vs England,Sri Lanka,Chris Woakes,3,0,24,1,8,5,3,0,1,0,T20I # 1867
74,Sri Lanka Vs England,Sri Lanka,Mark Wood,3,0,26,3,8.66,8,1,2,1,0,T20I # 1867
75,Sri Lanka Vs England,Sri Lanka,Sam Curran,4,0,27,1,6.75,10,2,1,0,0,T20I # 1867
76,Sri Lanka Vs England,Sri Lanka,Adil Rashid,4,0,16,1,4,11,0,0,0,0,T20I # 1867
77,Sri Lanka Vs England,Sri Lanka,Liam Livingstone,2,0,16,0,8,2,0,1,0,0,T20I # 1867
78,Sri Lanka Vs England,Sri Lanka,Moeen Ali,1,0,5,0,5,1,0,0,0,0,T20I # 1867
79,Sri Lanka Vs England,England,Maheesh Theekshana,4,0,22,0,5.5,11,1,0,1,0,T20I # 1867
80,Sri Lanka Vs England,England,Kasun Rajitha,3,0,40,0,13.33,4,5,1,2,0,T20I # 1867
81,Sri Lanka Vs England,England,Lahiru Kumara,3.4,0,24,2,6.54,11,3,0,0,1,T20I # 1867
82,Sri Lanka Vs England,England,Wanindu Hasaranga,4,0,23,2,5.75,11,1,1,0,0,T20I # 1867
83,Sri Lanka Vs England,England,Dhananjaya de Silva,4,0,24,2,6,7,1,0,0,0,T20I # 1867
84,Sri Lanka Vs England,England,Charith Asalanka,1,0,8,0,8,1,1,0,0,0,T20I # 1867
85,Australia Vs Afghanistan,Australia,Fazalhaq Farooqi,4,0,29,2,7.25,13,4,1,0,0,T20I # 1864
86,Australia Vs Afghanistan,Australia,Mujeeb Ur Rahman,4,0,42,1,10.5,5,4,1,1,0,T20I # 1864
87,Australia Vs Afghanistan,Australia,Naveen-ul-Haq,4,0,21,3,5.25,11,2,0,0,0,T20I # 1864
88,Australia Vs Afghanistan,Australia,Gulbadin Naib,3,0,31,0,10.33,6,3,2,0,0,T20I # 1864
89,Australia Vs Afghanistan,Australia,Rashid Khan,4,0,29,1,7.25,9,2,1,1,0,T20I # 1864
90,Australia Vs Afghanistan,Australia,Mohammad Nabi,1,0,14,0,14,1,1,1,0,0,T20I # 1864
91,Australia Vs Afghanistan,Afghanistan,Josh Hazlewood,4,0,33,2,8.25,13,2,3,0,0,T20I # 1864
92,Australia Vs Afghanistan,Afghanistan,Pat Cummins,4,0,22,0,5.5,12,2,0,0,0,T20I # 1864
93,Australia Vs Afghanistan,Afghanistan,Marcus Stoinis,2,0,26,0,13,2,2,1,2,0,T20I # 1864
94,Australia Vs Afghanistan,Afghanistan,Kane Richardson,4,0,48,1,12,4,3,3,1,0,T20I # 1864
95,Australia Vs Afghanistan,Afghanistan,Adam Zampa,4,0,22,2,5.5,11,1,0,0,0,T20I # 1864
96,Australia Vs Afghanistan,Afghanistan,Cameron Green,2,0,13,0,6.5,7,1,1,0,0,T20I # 1864
97,New Zealand Vs Ireland,New Zealand,Josh Little,4,0,22,3,5.5,10,2,0,1,0,T20I # 1862
98,New Zealand Vs Ireland,New Zealand,Mark Adair,4,0,39,1,9.75,9,3,1,3,0,T20I # 1862
99,New Zealand Vs Ireland,New Zealand,Barry McCarthy,4,0,46,0,11.5,4,4,2,0,0,T20I # 1862
100,New Zealand Vs Ireland,New Zealand,Gareth Delany,4,0,30,2,7.5,11,3,1,1,0,T20I # 1862
101,New Zealand Vs Ireland,New Zealand,Fionn Hand,2,0,22,0,11,2,2,1,0,0,T20I # 1862
102,New Zealand Vs Ireland,New Zealand,George Dockrell,2,0,18,0,9,4,2,0,2,0,T20I # 1862
103,New Zealand Vs Ireland,Ireland,Trent Boult,4,0,38,0,9.5,8,4,1,0,0,T20I # 1862
104,New Zealand Vs Ireland,Ireland,Tim Southee,4,0,29,2,7.25,8,2,1,0,0,T20I # 1862
105,New Zealand Vs Ireland,Ireland,Lockie Ferguson,4,0,22,3,5.5,10,1,0,0,0,T20I # 1862
106,New Zealand Vs Ireland,Ireland,Mitchell Santner,4,0,26,2,6.5,12,3,1,0,0,T20I # 1862
107,New Zealand Vs Ireland,Ireland,Ish Sodhi,4,0,31,2,7.75,10,0,2,1,0,T20I # 1862
108,Pakistan Vs South Africa,Pakistan,Wayne Parnell,4,0,31,1,7.75,10,3,1,0,0,T20I # 1861
109,Pakistan Vs South Africa,Pakistan,Kagiso Rabada,4,0,44,1,11,7,4,2,0,0,T20I # 1861
110,Pakistan Vs South Africa,Pakistan,Lungi Ngidi,4,0,32,1,8,11,3,1,2,0,T20I # 1861
111,Pakistan Vs South Africa,Pakistan,Anrich Nortje,4,0,41,4,10.25,11,1,4,0,1,T20I # 1861
112,Pakistan Vs South Africa,Pakistan,Tabraiz Shamsi,4,0,36,1,9,8,2,2,2,0,T20I # 1861
113,Pakistan Vs South Africa,South Africa,Shaheen Shah Afridi,3,0,14,3,4.66,11,2,0,0,0,T20I # 1861
114,Pakistan Vs South Africa,South Africa,Naseem Shah,3,0,19,1,6.33,10,1,1,1,0,T20I # 1861
115,Pakistan Vs South Africa,South Africa,Haris Rauf,3,0,44,1,14.66,2,7,1,1,0,T20I # 1861
116,Pakistan Vs South Africa,South Africa,Mohammad Wasim,2,0,13,1,6.5,3,1,0,0,0,T20I # 1861
117,Pakistan Vs South Africa,South Africa,Shadab Khan,2,0,16,2,8,5,1,1,0,0,T20I # 1861
118,Pakistan Vs South Africa,South Africa,Mohammad Nawaz,1,0,2,0,2,4,0,0,0,0,T20I # 1861
119,India Vs Bangladesh,India,Taskin Ahmed,4,0,15,0,3.75,16,2,0,0,0,T20I # 1860
120,India Vs Bangladesh,India,Shoriful Islam,4,0,57,0,14.25,7,4,4,2,2,T20I # 1860
121,India Vs Bangladesh,India,Hasan Mahmud,4,0,47,3,11.75,7,6,2,0,1,T20I # 1860
122,India Vs Bangladesh,India,Mustafizur Rahman,4,0,31,0,7.75,9,4,0,0,0,T20I # 1860
123,India Vs Bangladesh,India,Shakib Al Hasan,4,0,33,2,8.25,3,2,0,0,0,T20I # 1860
124,India Vs Bangladesh,Bangladesh,Bhuvneshwar Kumar,3,0,27,0,9,7,2,2,0,0,T20I # 1860
125,India Vs Bangladesh,Bangladesh,Arshdeep Singh,4,0,38,2,9.5,10,5,1,0,0,T20I # 1860
126,India Vs Bangladesh,Bangladesh,Mohammed Shami,3,0,25,1,8.33,7,2,1,0,0,T20I # 1860
127,India Vs Bangladesh,Bangladesh,Axar Patel,1,0,6,0,6,2,0,0,0,0,T20I # 1860
128,India Vs Bangladesh,Bangladesh,Ravichandran Ashwin,2,0,19,0,9.5,4,3,0,1,0,T20I # 1860
129,India Vs Bangladesh,Bangladesh,Hardik Pandya,3,0,28,2,9.33,8,1,3,0,0,T20I # 1860
130,Zimbabwe Vs Netherlands,Zimbabwe,Fred Klaassen,4,0,17,1,4.25,17,0,1,2,0,T20I # 1859
131,Zimbabwe Vs Netherlands,Zimbabwe,Paul van Meekeren,4,0,29,3,7.25,13,3,0,2,0,T20I # 1859
132,Zimbabwe Vs Netherlands,Zimbabwe,Brandon Glover,4,1,29,2,7.25,15,2,2,2,0,T20I # 1859
133,Zimbabwe Vs Netherlands,Zimbabwe,Logan van Beek,2.2,0,17,2,7.28,8,1,1,1,0,T20I # 1859
134,Zimbabwe Vs Netherlands,Zimbabwe,Bas de Leede,4,0,14,2,3.5,11,0,0,0,0,T20I # 1859
135,Zimbabwe Vs Netherlands,Zimbabwe,Roelof van der Merwe,1,0,8,0,8,2,1,0,0,0,T20I # 1859
136,Zimbabwe Vs Netherlands,Netherlands,Tendai Chatara,4,0,22,0,5.5,14,4,0,0,0,T20I # 1859
137,Zimbabwe Vs Netherlands,Netherlands,Richard Ngarava,4,0,18,2,4.5,15,1,1,0,0,T20I # 1859
138,Zimbabwe Vs Netherlands,Netherlands,Blessing Muzarabani,4,0,23,2,5.75,14,2,1,1,0,T20I # 1859
139,Zimbabwe Vs Netherlands,Netherlands,Sean Williams,3,0,21,0,7,8,2,1,0,0,T20I # 1859
140,Zimbabwe Vs Netherlands,Netherlands,Sikandar Raza,1,0,6,0,6,0,0,0,0,0,T20I # 1859
141,Zimbabwe Vs Netherlands,Netherlands,Luke Jongwe,2,0,25,1,12.5,3,4,0,3,1,T20I # 1859
142,England Vs New Zealand,England,Trent Boult,4,0,40,0,10,8,4,1,1,0,T20I # 1858
143,England Vs New Zealand,England,Tim Southee,4,0,43,1,10.75,9,3,3,0,0,T20I # 1858
144,England Vs New Zealand,England,Mitchell Santner,4,0,25,1,6.25,8,2,0,0,0,T20I # 1858
145,England Vs New Zealand,England,Lockie Ferguson,4,0,45,2,11.25,6,4,2,0,1,T20I # 1858
146,England Vs New Zealand,England,Ish Sodhi,4,0,23,1,5.75,10,2,0,0,0,T20I # 1858
147,England Vs New Zealand,New Zealand,Moeen Ali,1,0,4,0,4,3,0,0,0,0,T20I # 1858
148,England Vs New Zealand,New Zealand,Chris Woakes,4,0,33,2,8.25,9,1,2,1,0,T20I # 1858
149,England Vs New Zealand,New Zealand,Adil Rashid,4,0,33,0,8.25,6,0,2,0,0,T20I # 1858
150,England Vs New Zealand,New Zealand,Sam Curran,4,0,26,2,6.5,9,0,0,2,0,T20I # 1858
151,England Vs New Zealand,New Zealand,Mark Wood,3,0,25,1,8.33,8,2,1,1,0,T20I # 1858
152,England Vs New Zealand,New Zealand,Liam Livingstone,3,0,26,0,8.66,4,3,0,0,0,T20I # 1858
153,England Vs New Zealand,New Zealand,Ben Stokes,1,0,10,1,10,2,2,0,0,0,T20I # 1858
154,Afghanistan Vs Sri Lanka,Afghanistan,Kasun Rajitha,4,0,31,1,7.75,11,2,1,1,1,T20I # 1856
155,Afghanistan Vs Sri Lanka,Afghanistan,Pramod Madushan,3,0,24,0,8,7,2,1,0,0,T20I # 1856
156,Afghanistan Vs Sri Lanka,Afghanistan,Lahiru Kumara,4,0,30,2,7.5,12,2,1,4,0,T20I # 1856
157,Afghanistan Vs Sri Lanka,Afghanistan,Maheesh Theekshana,4,0,33,0,8.25,5,1,1,1,0,T20I # 1856
158,Afghanistan Vs Sri Lanka,Afghanistan,Wanindu Hasaranga,4,0,13,3,3.25,12,0,0,0,0,T20I # 1856
159,Afghanistan Vs Sri Lanka,Afghanistan,Dhananjaya de Silva,1,0,9,1,9,1,1,0,0,0,T20I # 1856
160,Afghanistan Vs Sri Lanka,Sri Lanka,Fazalhaq Farooqi,3.3,1,22,0,6.28,11,3,0,1,0,T20I # 1856
161,Afghanistan Vs Sri Lanka,Sri Lanka,Mujeeb Ur Rahman,4,0,24,2,6,12,3,0,0,0,T20I # 1856
162,Afghanistan Vs Sri Lanka,Sri Lanka,Fareed Ahmad,2,0,25,0,12.5,3,3,1,1,0,T20I # 1856
163,Afghanistan Vs Sri Lanka,Sri Lanka,Rashid Khan,4,0,31,2,7.75,10,2,1,1,0,T20I # 1856
164,Afghanistan Vs Sri Lanka,Sri Lanka,Azmatullah Omarzai,2,0,17,0,8.5,2,1,0,1,0,T20I # 1856
165,Afghanistan Vs Sri Lanka,Sri Lanka,Mohammad Nabi,2,0,16,0,8,2,0,1,0,0,T20I # 1856
166,Afghanistan Vs Sri Lanka,Sri Lanka,Gulbadin Naib,1,0,12,0,12,1,2,0,0,0,T20I # 1856
167,Australia Vs Ireland,Australia,Josh Little,4,0,21,2,5.25,13,2,0,2,0,T20I # 1855
168,Australia Vs Ireland,Australia,Mark Adair,4,0,59,0,14.75,6,7,2,6,0,T20I # 1855
169,Australia Vs Ireland,Australia,Barry McCarthy,4,0,29,3,7.25,7,2,0,1,0,T20I # 1855
170,Australia Vs Ireland,Australia,Gareth Delany,3,0,29,0,9.66,10,2,2,2,0,T20I # 1855
171,Australia Vs Ireland,Australia,Fionn Hand,1,0,15,0,15,2,0,2,1,0,T20I # 1855
172,Australia Vs Ireland,Australia,George Dockrell,4,0,24,0,6,8,0,1,0,0,T20I # 1855
173,Australia Vs Ireland,Ireland,Josh Hazlewood,3,0,24,0,8,8,1,2,1,0,T20I # 1855
174,Australia Vs Ireland,Ireland,Pat Cummins,4,0,28,2,7,14,3,1,1,0,T20I # 1855
175,Australia Vs Ireland,Ireland,Glenn Maxwell,2.1,0,14,2,6.46,6,2,0,0,0,T20I # 1855
176,Australia Vs Ireland,Ireland,Mitchell Starc,4,1,43,2,10.75,11,8,0,2,1,T20I # 1855
177,Australia Vs Ireland,Ireland,Adam Zampa,4,0,19,2,4.75,9,1,0,0,0,T20I # 1855
178,Australia Vs Ireland,Ireland,Marcus Stoinis,1,0,6,1,6,2,0,0,0,0,T20I # 1855
179,India Vs South Africa,India,Wayne Parnell,4,1,15,3,3.75,16,0,1,0,0,T20I # 1853
180,India Vs South Africa,India,Kagiso Rabada,4,0,26,0,6.5,13,2,1,1,0,T20I # 1853
181,India Vs South Africa,India,Lungi Ngidi,4,0,29,4,7.25,10,3,1,0,0,T20I # 1853
182,India Vs South Africa,India,Anrich Nortje,4,0,23,1,5.75,12,1,1,0,0,T20I # 1853
183,India Vs South Africa,India,Keshav Maharaj,3,0,28,0,9.33,5,3,1,0,0,T20I # 1853
184,India Vs South Africa,India,Aiden Markram,1,0,5,0,5,1,0,0,0,0,T20I # 1853
185,India Vs South Africa,South Africa,Bhuvneshwar Kumar,3.4,0,21,0,5.72,13,2,1,0,0,T20I # 1853
186,India Vs South Africa,South Africa,Arshdeep Singh,4,0,25,2,6.25,13,4,0,1,0,T20I # 1853
187,India Vs South Africa,South Africa,Mohammed Shami,4,0,13,1,3.25,15,1,0,0,0,T20I # 1853
188,India Vs South Africa,South Africa,Hardik Pandya,4,0,29,1,7.25,8,3,0,0,0,T20I # 1853
189,India Vs South Africa,South Africa,Ravichandran Ashwin,4,0,43,1,10.75,5,1,4,0,0,T20I # 1853
190,Netherlands Vs Pakistan,Netherlands,Shaheen Shah Afridi,4,0,19,1,4.75,13,1,0,1,0,T20I # 1852
191,Netherlands Vs Pakistan,Netherlands,Naseem Shah,4,0,11,1,2.75,15,0,0,0,0,T20I # 1852
192,Netherlands Vs Pakistan,Netherlands,Mohammad Wasim,3,0,15,2,5,10,1,0,1,0,T20I # 1852
193,Netherlands Vs Pakistan,Netherlands,Haris Rauf,3,0,10,1,3.33,11,1,0,0,0,T20I # 1852
194,Netherlands Vs Pakistan,Netherlands,Shadab Khan,4,0,22,3,5.5,11,2,0,0,0,T20I # 1852
195,Netherlands Vs Pakistan,Netherlands,Mohammad Nawaz,2,0,11,0,5.5,3,0,0,0,0,T20I # 1852
196,Netherlands Vs Pakistan,Pakistan,Fred Klaassen,3,0,26,0,8.66,4,3,0,0,0,T20I # 1852
197,Netherlands Vs Pakistan,Pakistan,Paul van Meekeren,4,0,19,1,4.75,15,2,0,0,0,T20I # 1852
198,Netherlands Vs Pakistan,Pakistan,Brandon Glover,2.5,0,22,2,7.76,9,3,0,0,0,T20I # 1852
199,Netherlands Vs Pakistan,Pakistan,Tim Pringle,1,0,12,0,12,1,2,0,0,0,T20I # 1852
200,Netherlands Vs Pakistan,Pakistan,Logan van Beek,2,0,9,0,4.5,5,0,0,0,0,T20I # 1852
201,Netherlands Vs Pakistan,Pakistan,Roelof van der Merwe,1,0,7,0,7,1,0,0,0,0,T20I # 1852
202,Bangladesh Vs Zimbabwe,Bangladesh,Richard Ngarava,4,0,24,2,6,11,2,0,2,0,T20I # 1851
203,Bangladesh Vs Zimbabwe,Bangladesh,Blessing Muzarabani,2,0,13,2,6.5,8,3,0,0,0,T20I # 1851
204,Bangladesh Vs Zimbabwe,Bangladesh,Tendai Chatara,3,0,18,0,6,7,1,0,0,0,T20I # 1851
205,Bangladesh Vs Zimbabwe,Bangladesh,Sikandar Raza,4,0,35,1,8.75,2,2,1,0,0,T20I # 1851
206,Bangladesh Vs Zimbabwe,Bangladesh,Brad Evans,3,0,32,0,10.66,2,3,1,1,0,T20I # 1851
207,Bangladesh Vs Zimbabwe,Bangladesh,Wessly Madhevere,2,0,18,0,9,0,1,0,0,0,T20I # 1851
208,Bangladesh Vs Zimbabwe,Bangladesh,Sean Williams,2,0,10,1,5,4,0,0,1,0,T20I # 1851
209,Bangladesh Vs Zimbabwe,Zimbabwe,Taskin Ahmed,4,1,19,3,4.75,15,3,0,0,0,T20I # 1851
210,Bangladesh Vs Zimbabwe,Zimbabwe,Hasan Mahmud,4,0,36,0,9,8,5,0,3,0,T20I # 1851
211,Bangladesh Vs Zimbabwe,Zimbabwe,Mosaddek Hossain,4,0,34,2,8.5,11,3,2,0,1,T20I # 1851
212,Bangladesh Vs Zimbabwe,Zimbabwe,Mustafizur Rahman,4,0,15,2,3.75,11,0,0,0,0,T20I # 1851
213,Bangladesh Vs Zimbabwe,Zimbabwe,Shakib Al Hasan,4,0,34,0,8.5,5,3,0,0,0,T20I # 1851
214,New Zealand Vs Sri Lanka,New Zealand,Maheesh Theekshana,4,0,35,1,8.75,7,2,2,1,0,T20I # 1850
215,New Zealand Vs Sri Lanka,New Zealand,Kasun Rajitha,4,0,23,2,5.75,16,3,0,1,2,T20I # 1850
216,New Zealand Vs Sri Lanka,New Zealand,Dhananjaya de Silva,2,0,14,1,7,4,1,0,0,0,T20I # 1850
217,New Zealand Vs Sri Lanka,New Zealand,Wanindu Hasaranga,4,0,22,1,5.5,9,1,0,0,0,T20I # 1850
218,New Zealand Vs Sri Lanka,New Zealand,Lahiru Kumara,3,0,37,1,12.33,2,2,2,2,1,T20I # 1850
219,New Zealand Vs Sri Lanka,New Zealand,Chamika Karunaratne,3,0,34,0,11.33,5,3,1,1,0,T20I # 1850
220,New Zealand Vs Sri Lanka,Sri Lanka,Tim Southee,4,1,12,1,3,18,0,1,1,0,T20I # 1850
221,New Zealand Vs Sri Lanka,Sri Lanka,Trent Boult,4,0,13,4,3.25,18,1,0,1,0,T20I # 1850
222,New Zealand Vs Sri Lanka,Sri Lanka,Lockie Ferguson,4,0,35,1,8.75,11,4,1,3,0,T20I # 1850
223,New Zealand Vs Sri Lanka,Sri Lanka,Mitchell Santner,4,0,21,2,5.25,13,3,0,0,0,T20I # 1850
224,New Zealand Vs Sri Lanka,Sri Lanka,Ish Sodhi,3.2,0,21,2,6.3,11,2,1,1,0,T20I # 1850
225,Zimbabwe Vs Pakistan,Zimbabwe,Shaheen Shah Afridi,4,0,29,0,7.25,9,3,0,0,0,T20I # 1849
226,Zimbabwe Vs Pakistan,Zimbabwe,Naseem Shah,4,0,34,0,8.5,7,4,0,2,0,T20I # 1849
227,Zimbabwe Vs Pakistan,Zimbabwe,Mohammad Wasim,4,0,24,4,6,16,2,1,4,0,T20I # 1849
228,Zimbabwe Vs Pakistan,Zimbabwe,Haris Rauf,4,1,12,1,3,15,0,0,0,0,T20I # 1849
229,Zimbabwe Vs Pakistan,Zimbabwe,Shadab Khan,4,0,23,3,5.75,8,1,0,0,0,T20I # 1849
230,Zimbabwe Vs Pakistan,Pakistan,Richard Ngarava,4,0,24,0,6,15,2,1,2,0,T20I # 1849
231,Zimbabwe Vs Pakistan,Pakistan,Blessing Muzarabani,4,0,18,1,4.5,11,1,0,0,0,T20I # 1849
232,Zimbabwe Vs Pakistan,Pakistan,Brad Evans,4,0,25,2,6.25,12,2,1,0,0,T20I # 1849
233,Zimbabwe Vs Pakistan,Pakistan,Sikandar Raza,4,0,25,3,6.25,13,2,1,2,0,T20I # 1849
234,Zimbabwe Vs Pakistan,Pakistan,Luke Jongwe,1,0,10,1,10,2,2,0,0,0,T20I # 1849
235,Zimbabwe Vs Pakistan,Pakistan,Sean Williams,2,0,15,0,7.5,1,0,0,1,0,T20I # 1849
236,Zimbabwe Vs Pakistan,Pakistan,Ryan Burl,1,0,7,0,7,0,0,0,0,0,T20I # 1849
237,India Vs Netherlands,India,Fred Klaassen,4,0,33,1,8.25,9,2,1,2,0,T20I # 1848
238,India Vs Netherlands,India,Tim Pringle,4,0,30,0,7.5,6,3,0,0,0,T20I # 1848
239,India Vs Netherlands,India,Paul van Meekeren,4,0,32,1,8,9,3,1,0,0,T20I # 1848
240,India Vs Netherlands,India,Bas de Leede,3,0,33,0,11,6,5,1,1,0,T20I # 1848
241,India Vs Netherlands,India,Logan van Beek,4,0,45,0,11.25,3,2,3,0,0,T20I # 1848
242,India Vs Netherlands,India,Shariz Ahmad,1,0,5,0,5,2,0,0,0,0,T20I # 1848
243,India Vs Netherlands,Netherlands,Bhuvneshwar Kumar,3,2,9,2,3,14,1,0,0,0,T20I # 1848
244,India Vs Netherlands,Netherlands,Arshdeep Singh,4,0,37,2,9.25,9,6,0,1,1,T20I # 1848
245,India Vs Netherlands,Netherlands,Mohammed Shami,4,0,27,1,6.75,10,2,0,0,0,T20I # 1848
246,India Vs Netherlands,Netherlands,Axar Patel,4,0,18,2,4.5,11,0,0,0,0,T20I # 1848
247,India Vs Netherlands,Netherlands,Hardik Pandya,1,0,9,0,9,1,0,0,1,0,T20I # 1848
248,India Vs Netherlands,Netherlands,Ravichandran Ashwin,4,0,21,2,5.25,13,1,1,1,0,T20I # 1848
249,South Africa Vs Bangladesh,South Africa,Taskin Ahmed,3,0,46,1,15.33,7,6,2,0,3,T20I # 1847
250,South Africa Vs Bangladesh,South Africa,Mehidy Hasan Miraz,3,0,32,0,10.66,4,2,2,0,0,T20I # 1847
251,South Africa Vs Bangladesh,South Africa,Hasan Mahmud,4,0,36,1,9,11,3,2,2,0,T20I # 1847
252,South Africa Vs Bangladesh,South Africa,Mustafizur Rahman,4,0,25,0,6.25,7,1,1,0,0,T20I # 1847
253,South Africa Vs Bangladesh,South Africa,Mosaddek Hossain,2,0,16,0,8,5,1,1,0,0,T20I # 1847
254,South Africa Vs Bangladesh,South Africa,Shakib Al Hasan,3,0,33,2,11,7,1,3,0,1,T20I # 1847
255,South Africa Vs Bangladesh,South Africa,Afif Hossain,1,0,11,1,11,1,2,0,0,0,T20I # 1847
256,South Africa Vs Bangladesh,Bangladesh,Kagiso Rabada,3,0,24,1,8,8,1,2,1,0,T20I # 1847
257,South Africa Vs Bangladesh,Bangladesh,Wayne Parnell,2,0,18,0,9,3,0,1,1,0,T20I # 1847
258,South Africa Vs Bangladesh,Bangladesh,Anrich Nortje,3.3,0,10,4,2.85,16,1,0,0,0,T20I # 1847
259,South Africa Vs Bangladesh,Bangladesh,Keshav Maharaj,4,0,24,1,6,6,1,0,0,0,T20I # 1847
260,South Africa Vs Bangladesh,Bangladesh,Tabraiz Shamsi,4,0,20,3,5,12,0,1,2,0,T20I # 1847
261,Ireland Vs England,Ireland,Ben Stokes,2.2,0,8,1,3.42,7,0,0,0,0,T20I # 1846
262,Ireland Vs England,Ireland,Chris Woakes,3,0,41,0,13.66,4,6,1,2,0,T20I # 1846
263,Ireland Vs England,Ireland,Mark Wood,4,0,34,3,8.5,13,4,1,2,0,T20I # 1846
264,Ireland Vs England,Ireland,Sam Curran,3,0,31,2,10.33,7,1,2,0,0,T20I # 1846
265,Ireland Vs England,Ireland,Adil Rashid,4,0,24,0,6,6,1,0,0,0,T20I # 1846
266,Ireland Vs England,Ireland,Liam Livingstone,3,0,17,3,5.66,5,1,0,0,0,T20I # 1846
267,Ireland Vs England,England,Josh Little,3,0,16,2,5.33,11,2,0,2,0,T20I # 1846
268,Ireland Vs England,England,Mark Adair,2,0,10,0,5,5,0,0,0,0,T20I # 1846
269,Ireland Vs England,England,Barry McCarthy,3,0,20,1,6.66,7,1,0,3,0,T20I # 1846
270,Ireland Vs England,England,Fionn Hand,2,0,17,1,8.5,6,1,0,4,0,T20I # 1846
271,Ireland Vs England,England,Gareth Delany,3.3,0,33,0,9.42,5,3,1,1,0,T20I # 1846
272,Ireland Vs England,England,George Dockrell,1,0,5,1,5,2,0,0,0,0,T20I # 1846
273,Sri Lanka Vs Australia,Sri Lanka,Josh Hazlewood,4,0,26,1,6.5,13,3,0,3,0,T20I # 1845
274,Sri Lanka Vs Australia,Sri Lanka,Pat Cummins,4,0,36,1,9,12,5,1,2,0,T20I # 1845
275,Sri Lanka Vs Australia,Sri Lanka,Mitchell Starc,4,0,23,1,5.75,13,1,0,1,0,T20I # 1845
276,Sri Lanka Vs Australia,Sri Lanka,Ashton Agar,4,0,25,1,6.25,8,1,0,1,0,T20I # 1845
277,Sri Lanka Vs Australia,Sri Lanka,Marcus Stoinis,2,0,17,0,8.5,1,1,0,1,0,T20I # 1845
278,Sri Lanka Vs Australia,Sri Lanka,Mitchell Marsh,1,0,14,0,14,1,1,1,0,0,T20I # 1845
279,Sri Lanka Vs Australia,Sri Lanka,Glenn Maxwell,1,0,5,1,5,2,0,0,0,0,T20I # 1845
280,Sri Lanka Vs Australia,Australia,Binura Fernando,0.5,0,5,0,6,2,0,0,0,0,T20I # 1845
281,Sri Lanka Vs Australia,Australia,Dhananjaya de Silva,2.1,0,18,1,8.3,4,1,1,0,0,T20I # 1845
282,Sri Lanka Vs Australia,Australia,Lahiru Kumara,3.3,0,22,0,6.28,15,0,1,3,0,T20I # 1845
283,Sri Lanka Vs Australia,Australia,Chamika Karunaratne,3,0,20,1,6.66,6,1,0,1,0,T20I # 1845
284,Sri Lanka Vs Australia,Australia,Maheesh Theekshana,3,0,23,1,7.66,11,0,3,1,0,T20I # 1845
285,Sri Lanka Vs Australia,Australia,Wanindu Hasaranga,3,0,53,0,17.66,0,3,5,0,0,T20I # 1845
286,Sri Lanka Vs Australia,Australia,Dasun Shanaka,1,0,10,0,10,2,2,0,0,0,T20I # 1845
287,Zimbabwe Vs South Africa,Zimbabwe,Kagiso Rabada,2,0,20,0,10,4,2,1,0,0,T20I # 1844
288,Zimbabwe Vs South Africa,Zimbabwe,Wayne Parnell,2,0,6,1,3,9,1,0,0,0,T20I # 1844
289,Zimbabwe Vs South Africa,Zimbabwe,Lungi Ngidi,2,0,20,2,10,6,2,1,2,0,T20I # 1844
290,Zimbabwe Vs South Africa,Zimbabwe,Keshav Maharaj,1,0,10,0,10,1,1,0,0,0,T20I # 1844
291,Zimbabwe Vs South Africa,Zimbabwe,Anrich Nortje,2,0,10,1,5,5,0,0,0,0,T20I # 1844
292,Zimbabwe Vs South Africa,South Africa,Tendai Chatara,1,0,23,0,23,0,4,1,0,0,T20I # 1844
293,Zimbabwe Vs South Africa,South Africa,Richard Ngarava,1,0,17,0,17,2,4,0,0,1,T20I # 1844
294,Zimbabwe Vs South Africa,South Africa,Sikandar Raza,1,0,11,0,11,1,0,0,0,1,T20I # 1844
295,Bangladesh Vs Netherlands,Bangladesh,Fred Klaassen,4,0,33,1,8.25,10,5,0,3,0,T20I # 1843
296,Bangladesh Vs Netherlands,Bangladesh,Colin Ackermann,1,0,4,0,4,2,0,0,0,0,T20I # 1843
297,Bangladesh Vs Netherlands,Bangladesh,Paul van Meekeren,4,0,21,2,5.25,10,1,0,0,0,T20I # 1843
298,Bangladesh Vs Netherlands,Bangladesh,Bas de Leede,3,0,29,2,9.66,9,3,1,3,0,T20I # 1843
299,Bangladesh Vs Netherlands,Bangladesh,Tim Pringle,2,0,10,1,5,4,0,0,0,0,T20I # 1843
300,Bangladesh Vs Netherlands,Bangladesh,Shariz Ahmad,3,0,27,1,9,5,1,2,0,0,T20I # 1843
301,Bangladesh Vs Netherlands,Bangladesh,Logan van Beek,3,0,12,1,4,7,0,0,1,0,T20I # 1843
302,Bangladesh Vs Netherlands,Netherlands,Taskin Ahmed,4,0,25,4,6.25,16,5,0,0,0,T20I # 1843
303,Bangladesh Vs Netherlands,Netherlands,Hasan Mahmud,4,1,15,2,3.75,16,2,0,0,0,T20I # 1843
304,Bangladesh Vs Netherlands,Netherlands,Shakib Al Hasan,4,0,32,1,8,6,0,2,1,0,T20I # 1843
305,Bangladesh Vs Netherlands,Netherlands,Mustafizur Rahman,4,0,20,0,5,14,2,0,2,0,T20I # 1843
306,Bangladesh Vs Netherlands,Netherlands,Soumya Sarkar,3,0,29,1,9.66,5,2,1,1,0,T20I # 1843
307,Bangladesh Vs Netherlands,Netherlands,Mosaddek Hossain,1,0,14,0,14,0,0,1,0,1,T20I # 1843
308,Pakistan Vs India,Pakistan,Bhuvneshwar Kumar,4,0,22,1,5.5,17,1,1,3,0,T20I # 1842
309,Pakistan Vs India,Pakistan,Arshdeep Singh,4,0,32,3,8,10,3,1,1,0,T20I # 1842
310,Pakistan Vs India,Pakistan,Mohammed Shami,4,0,25,1,6.25,14,4,0,1,0,T20I # 1842
311,Pakistan Vs India,Pakistan,Hardik Pandya,4,0,30,3,7.5,10,4,0,0,0,T20I # 1842
312,Pakistan Vs India,Pakistan,Ravichandran Ashwin,3,0,23,0,7.66,5,0,1,1,0,T20I # 1842
313,Pakistan Vs India,Pakistan,Axar Patel,1,0,21,0,21,2,0,3,0,0,T20I # 1842
314,Pakistan Vs India,India,Shaheen Shah Afridi,4,0,34,0,8.5,7,4,0,1,0,T20I # 1842
315,Pakistan Vs India,India,Naseem Shah,4,0,23,1,5.75,10,1,0,0,0,T20I # 1842
316,Pakistan Vs India,India,Haris Rauf,4,0,36,2,9,11,2,2,1,0,T20I # 1842
317,Pakistan Vs India,India,Shadab Khan,4,0,21,0,5.25,10,2,0,0,0,T20I # 1842
318,Pakistan Vs India,India,Mohammad Nawaz,4,0,42,2,10.5,8,0,4,2,1,T20I # 1842
319,Ireland Vs Sri Lanka,Ireland,Binura Fernando,4,0,27,1,6.75,10,3,0,1,0,T20I # 1841
320,Ireland Vs Sri Lanka,Ireland,Lahiru Kumara,2,0,12,1,6,6,2,0,0,0,T20I # 1841
321,Ireland Vs Sri Lanka,Ireland,Maheesh Theekshana,4,0,19,2,4.75,8,1,0,0,0,T20I # 1841
322,Ireland Vs Sri Lanka,Ireland,Chamika Karunaratne,4,0,29,1,7.25,7,2,1,0,0,T20I # 1841
323,Ireland Vs Sri Lanka,Ireland,Wanindu Hasaranga,4,0,25,2,6.25,6,0,1,0,0,T20I # 1841
324,Ireland Vs Sri Lanka,Ireland,Dhananjaya de Silva,2,0,13,1,6.5,3,1,0,0,0,T20I # 1841
325,Ireland Vs Sri Lanka,Sri Lanka,Josh Little,4,0,45,0,11.25,5,4,1,1,0,T20I # 1841
326,Ireland Vs Sri Lanka,Sri Lanka,Mark Adair,2,0,16,0,8,2,1,0,0,0,T20I # 1841
327,Ireland Vs Sri Lanka,Sri Lanka,Barry McCarthy,2,0,16,0,8,4,0,1,0,0,T20I # 1841
328,Ireland Vs Sri Lanka,Sri Lanka,Gareth Delany,4,0,28,1,7,8,3,0,2,0,T20I # 1841
329,Ireland Vs Sri Lanka,Sri Lanka,Curtis Campher,1,0,8,0,8,2,1,0,0,0,T20I # 1841
330,Ireland Vs Sri Lanka,Sri Lanka,Simi Singh,2,0,20,0,10,3,0,2,0,0,T20I # 1841
331,Afghanistan Vs England,Afghanistan,Ben Stokes,4,0,19,2,4.75,14,2,0,1,0,T20I # 1840
332,Afghanistan Vs England,Afghanistan,Chris Woakes,4,0,24,1,6,15,2,1,1,0,T20I # 1840
333,Afghanistan Vs England,Afghanistan,Mark Wood,4,0,23,2,5.75,14,2,1,0,0,T20I # 1840
334,Afghanistan Vs England,Afghanistan,Sam Curran,3.4,0,10,5,2.72,16,1,0,1,0,T20I # 1840
335,Afghanistan Vs England,Afghanistan,Adil Rashid,4,0,32,0,8,4,1,1,0,0,T20I # 1840
336,Afghanistan Vs England,England,Fazalhaq Farooqi,4,0,24,1,6,15,2,1,3,0,T20I # 1840
337,Afghanistan Vs England,England,Azmatullah Omarzai,1.1,0,11,0,9.42,2,1,0,3,0,T20I # 1840
338,Afghanistan Vs England,England,Mujeeb Ur Rahman,4,0,22,1,5.5,10,1,0,0,0,T20I # 1840
339,Afghanistan Vs England,England,Rashid Khan,4,0,17,1,4.25,10,0,0,0,0,T20I # 1840
340,Afghanistan Vs England,England,Fareed Ahmad,2,0,23,1,11.5,2,2,0,1,0,T20I # 1840
341,Afghanistan Vs England,England,Mohammad Nabi,3,0,16,1,5.33,6,0,0,0,0,T20I # 1840
342,New Zealand Vs Australia,New Zealand,Mitchell Starc,4,0,36,0,9,5,3,1,0,0,T20I # 1839
343,New Zealand Vs Australia,New Zealand,Josh Hazlewood,4,0,41,2,10.25,8,5,1,1,0,T20I # 1839
344,New Zealand Vs Australia,New Zealand,Pat Cummins,4,0,46,0,11.5,8,4,2,2,0,T20I # 1839
345,New Zealand Vs Australia,New Zealand,Marcus Stoinis,4,0,38,0,9.5,3,1,2,1,0,T20I # 1839
346,New Zealand Vs Australia,New Zealand,Adam Zampa,4,0,39,1,9.75,4,2,2,1,0,T20I # 1839
347,New Zealand Vs Australia,Australia,Trent Boult,4,0,24,2,6,13,2,1,1,0,T20I # 1839
348,New Zealand Vs Australia,Australia,Tim Southee,2.1,0,6,3,2.76,10,1,0,0,0,T20I # 1839
349,New Zealand Vs Australia,Australia,Mitchell Santner,4,0,31,3,7.75,10,2,2,0,0,T20I # 1839
350,New Zealand Vs Australia,Australia,Lockie Ferguson,3,0,20,1,6.66,9,2,1,0,0,T20I # 1839
351,New Zealand Vs Australia,Australia,Ish Sodhi,4,0,29,1,7.25,8,2,1,1,0,T20I # 1839
352,Scotland Vs Zimbabwe,Scotland,Tendai Chatara,4,1,14,2,3.5,14,1,0,0,0,T20I # 1838
353,Scotland Vs Zimbabwe,Scotland,Richard Ngarava,4,0,28,2,7,12,4,0,1,1,T20I # 1838
354,Scotland Vs Zimbabwe,Scotland,Blessing Muzarabani,4,0,34,1,8.5,9,5,0,0,2,T20I # 1838
355,Scotland Vs Zimbabwe,Scotland,Sean Williams,3,0,19,0,6.33,4,1,0,0,0,T20I # 1838
356,Scotland Vs Zimbabwe,Scotland,Sikandar Raza,4,0,20,1,5,10,0,0,2,0,T20I # 1838
357,Scotland Vs Zimbabwe,Scotland,Wessly Madhevere,1,0,7,0,7,1,0,0,0,0,T20I # 1838
358,Scotland Vs Zimbabwe,Zimbabwe,Brad Wheal,4,0,26,1,6.5,12,4,0,0,0,T20I # 1838
359,Scotland Vs Zimbabwe,Zimbabwe,Josh Davey,3,0,16,2,5.33,8,1,0,0,1,T20I # 1838
360,Scotland Vs Zimbabwe,Zimbabwe,Safyaan Sharif,2.3,0,23,0,9.2,4,3,0,0,1,T20I # 1838
361,Scotland Vs Zimbabwe,Zimbabwe,Mark Watt,4,0,19,1,4.75,9,1,0,0,0,T20I # 1838
362,Scotland Vs Zimbabwe,Zimbabwe,Michael Leask,4,0,36,1,9,4,2,1,0,0,T20I # 1838
363,Scotland Vs Zimbabwe,Zimbabwe,Calum MacLeod,1,0,11,0,11,0,0,1,0,0,T20I # 1838
364,West Indies Vs Ireland,West Indies,Josh Little,4,0,31,0,7.75,8,1,2,1,0,T20I # 1837
365,West Indies Vs Ireland,West Indies,Mark Adair,4,0,26,0,6.5,12,1,1,4,0,T20I # 1837
366,West Indies Vs Ireland,West Indies,Barry McCarthy,4,0,33,1,8.25,9,3,1,1,0,T20I # 1837
367,West Indies Vs Ireland,West Indies,Curtis Campher,2,0,28,0,14,2,4,1,0,0,T20I # 1837
368,West Indies Vs Ireland,West Indies,Simi Singh,2,0,11,1,5.5,4,1,0,0,0,T20I # 1837
369,West Indies Vs Ireland,West Indies,Gareth Delany,4,0,16,3,4,12,1,0,1,0,T20I # 1837
370,West Indies Vs Ireland,Ireland,Obed McCoy,3.3,0,27,0,7.71,11,2,2,0,0,T20I # 1837
371,West Indies Vs Ireland,Ireland,Akeal Hosein,4,0,38,1,9.5,5,2,2,0,0,T20I # 1837
372,West Indies Vs Ireland,Ireland,Alzarri Joseph,4,0,39,0,9.75,9,3,2,1,0,T20I # 1837
373,West Indies Vs Ireland,Ireland,Odean Smith,2,0,23,0,11.5,4,3,1,0,1,T20I # 1837
374,West Indies Vs Ireland,Ireland,Jason Holder,4,0,23,0,5.75,7,1,0,0,0,T20I # 1837
375,United Arab Emirates Vs Namibia,United Arab Emirates,Ruben Trumpelmann,4,0,22,0,5.5,10,0,0,3,0,T20I # 1836
376,United Arab Emirates Vs Namibia,United Arab Emirates,David Wiese,4,0,27,1,6.75,12,2,1,1,0,T20I # 1836
377,United Arab Emirates Vs Namibia,United Arab Emirates,Bernard Scholtz,4,0,22,1,5.5,11,1,1,0,0,T20I # 1836
378,United Arab Emirates Vs Namibia,United Arab Emirates,JJ Smit,4,0,39,0,9.75,11,2,3,0,0,T20I # 1836
379,United Arab Emirates Vs Namibia,United Arab Emirates,Jan Frylinck,3,0,30,0,10,3,2,1,1,0,T20I # 1836
380,United Arab Emirates Vs Namibia,United Arab Emirates,Ben Shikongo,1,0,8,1,8,1,1,0,0,0,T20I # 1836
381,United Arab Emirates Vs Namibia,Namibia,Basil Hameed,3,0,17,2,5.66,10,2,0,0,0,T20I # 1836
382,United Arab Emirates Vs Namibia,Namibia,Junaid Siddique,4,0,35,1,8.75,8,3,1,2,0,T20I # 1836
383,United Arab Emirates Vs Namibia,Namibia,Zahoor Khan,4,0,20,2,5,15,1,0,2,2,T20I # 1836
384,United Arab Emirates Vs Namibia,Namibia,Ahmed Raza,1,0,9,0,9,1,1,0,0,0,T20I # 1836
385,United Arab Emirates Vs Namibia,Namibia,Karthik Meiyappan,4,0,34,1,8.5,8,2,2,0,0,T20I # 1836
386,United Arab Emirates Vs Namibia,Namibia,Aayan Afzal Khan,2,0,7,0,3.5,5,0,0,0,0,T20I # 1836
387,United Arab Emirates Vs Namibia,Namibia,Muhammad Waseem,2,0,16,1,8,3,0,1,0,0,T20I # 1836
388,Sri Lanka Vs Netherlands,Sri Lanka,Fred Klaassen,4,0,34,1,8.5,9,1,2,0,0,T20I # 1836
389,Sri Lanka Vs Netherlands,Sri Lanka,Tim Pringle,3,0,22,0,7.33,8,0,2,0,0,T20I # 1836
390,Sri Lanka Vs Netherlands,Sri Lanka,Roelof van der Merwe,3,0,16,0,5.33,10,2,0,0,0,T20I # 1835
391,Sri Lanka Vs Netherlands,Sri Lanka,Paul van Meekeren,4,0,25,2,6.25,11,3,0,1,0,T20I # 1835
392,Sri Lanka Vs Netherlands,Sri Lanka,Bas de Leede,3,0,31,2,10.33,5,2,2,0,0,T20I # 1835
393,Sri Lanka Vs Netherlands,Sri Lanka,Timm van der Gugten,3,0,31,1,10.33,3,2,1,0,0,T20I # 1835
394,Sri Lanka Vs Netherlands,Netherlands,Dhananjaya de Silva,1,0,5,0,5,1,0,0,0,0,T20I # 1835
395,Sri Lanka Vs Netherlands,Netherlands,Lahiru Kumara,4,0,28,1,7,14,2,1,1,0,T20I # 1835
396,Sri Lanka Vs Netherlands,Netherlands,Binura Fernando,4,0,33,1,8.25,11,4,1,1,0,T20I # 1835
397,Sri Lanka Vs Netherlands,Netherlands,Maheesh Theekshana,4,0,32,2,8,12,1,2,2,1,T20I # 1835
398,Sri Lanka Vs Netherlands,Netherlands,Wanindu Hasaranga,4,0,28,3,7,11,3,0,0,0,T20I # 1835
399,Sri Lanka Vs Netherlands,Netherlands,Chamika Karunaratne,2,0,11,0,5.5,6,1,0,1,0,T20I # 1835
400,Sri Lanka Vs Netherlands,Netherlands,Dasun Shanaka,1,0,7,0,7,3,1,0,0,0,T20I # 1835
401,West Indies Vs Zimbabwe,West Indies,Richard Ngarava,3,0,20,0,6.66,9,1,1,1,0,T20I # 1834
402,West Indies Vs Zimbabwe,West Indies,Tendai Chatara,3,0,22,0,7.33,5,2,0,2,0,T20I # 1834
403,West Indies Vs Zimbabwe,West Indies,Blessing Muzarabani,4,0,38,2,9.5,10,2,2,2,1,T20I # 1834
404,West Indies Vs Zimbabwe,West Indies,Ryan Burl,3,0,27,0,9,5,3,1,0,0,T20I # 1834
405,West Indies Vs Zimbabwe,West Indies,Sikandar Raza,4,0,19,3,4.75,7,0,0,0,0,T20I # 1834
406,West Indies Vs Zimbabwe,West Indies,Sean Williams,3,0,17,1,5.66,7,1,0,0,1,T20I # 1834
407,West Indies Vs Zimbabwe,Zimbabwe,Kyle Mayers,1,0,17,0,17,3,3,0,1,0,T20I # 1834
408,West Indies Vs Zimbabwe,Zimbabwe,Akeal Hosein,4,0,25,1,6.25,12,1,1,1,1,T20I # 1834
409,West Indies Vs Zimbabwe,Zimbabwe,Alzarri Joseph,4,0,16,4,4,16,1,1,0,0,T20I # 1834
410,West Indies Vs Zimbabwe,Zimbabwe,Obed McCoy,3,0,19,1,6.33,9,3,0,0,0,T20I # 1834
411,West Indies Vs Zimbabwe,Zimbabwe,Jason Holder,3.2,0,12,3,3.6,12,1,0,0,0,T20I # 1834
412,West Indies Vs Zimbabwe,Zimbabwe,Odean Smith,3,0,31,1,10.33,8,4,1,1,1,T20I # 1834
413,Scotland Vs Ireland,Scotland,Josh Little,4,0,30,1,7.5,10,2,1,1,0,T20I # 1833
414,Scotland Vs Ireland,Scotland,Mark Adair,4,0,23,1,5.75,12,2,0,2,0,T20I # 1833
415,Scotland Vs Ireland,Scotland,Barry McCarthy,4,0,59,0,14.75,4,6,3,1,1,T20I # 1833
416,Scotland Vs Ireland,Scotland,Gareth Delany,3,0,28,0,9.33,3,2,1,0,0,T20I # 1833
417,Scotland Vs Ireland,Scotland,Simi Singh,2,0,16,0,8,2,2,0,0,0,T20I # 1833
418,Scotland Vs Ireland,Scotland,Curtis Campher,2,0,9,2,4.5,7,1,0,0,0,T20I # 1833
419,Scotland Vs Ireland,Scotland,George Dockrell,1,0,9,0,9,1,1,0,0,0,T20I # 1833
420,Scotland Vs Ireland,Ireland,Mark Watt,4,0,39,1,9.75,10,2,1,2,0,T20I # 1833
421,Scotland Vs Ireland,Ireland,Brad Wheal,4,0,25,1,6.25,11,2,1,0,0,T20I # 1833
422,Scotland Vs Ireland,Ireland,Josh Davey,4,0,46,0,11.5,5,8,0,1,0,T20I # 1833
423,Scotland Vs Ireland,Ireland,Safyaan Sharif,3,0,32,1,10.66,3,4,0,1,0,T20I # 1833
424,Scotland Vs Ireland,Ireland,Chris Greaves,2,0,18,0,9,1,0,1,1,0,T20I # 1833
425,Scotland Vs Ireland,Ireland,Michael Leask,2,0,16,1,8,2,1,0,0,0,T20I # 1833
426,Sri Lanka Vs United Arab Emirates,Sri Lanka,Junaid Siddique,4,0,36,0,9,8,2,1,2,0,T20I # 1832
427,Sri Lanka Vs United Arab Emirates,Sri Lanka,Kashif Daud,1,0,14,0,14,0,2,0,0,0,T20I # 1832
428,Sri Lanka Vs United Arab Emirates,Sri Lanka,Zahoor Khan,4,0,26,2,6.5,10,3,0,0,0,T20I # 1832
429,Sri Lanka Vs United Arab Emirates,Sri Lanka,Aayan Afzal Khan,3,0,16,1,5.33,7,1,0,0,0,T20I # 1832
430,Sri Lanka Vs United Arab Emirates,Sri Lanka,Aryan Lakra,3,0,24,1,8,5,3,0,0,0,T20I # 1832
431,Sri Lanka Vs United Arab Emirates,Sri Lanka,Karthik Meiyappan,4,0,19,3,4.75,12,0,1,0,0,T20I # 1832
432,Sri Lanka Vs United Arab Emirates,Sri Lanka,Basil Hameed,1,0,13,0,13,1,1,1,0,0,T20I # 1832
433,Sri Lanka Vs United Arab Emirates,United Arab Emirates,Pramod Madushan,3,0,14,1,4.66,12,2,0,1,0,T20I # 1832
434,Sri Lanka Vs United Arab Emirates,United Arab Emirates,Maheesh Theekshana,3.1,0,15,2,4.73,10,2,0,0,0,T20I # 1832
435,Sri Lanka Vs United Arab Emirates,United Arab Emirates,Dushmantha Chameera,3.5,0,15,3,3.91,16,0,1,0,0,T20I # 1832
436,Sri Lanka Vs United Arab Emirates,United Arab Emirates,Chamika Karunaratne,2,0,14,0,7,5,2,0,0,0,T20I # 1832
437,Sri Lanka Vs United Arab Emirates,United Arab Emirates,Wanindu Hasaranga,4,1,8,3,2,17,0,0,0,0,T20I # 1832
438,Sri Lanka Vs United Arab Emirates,United Arab Emirates,Dasun Shanaka,1.1,0,7,1,6,3,0,0,1,0,T20I # 1832
439,Namibia Vs Netherlands,Namibia,Fred Klaassen,3,0,15,0,5,11,1,0,0,0,T20I # 1832
440,Namibia Vs Netherlands,Namibia,Tim Pringle,3,0,15,1,5,8,0,0,0,0,T20I # 1832
441,Namibia Vs Netherlands,Namibia,Bas de Leede,3,0,18,2,6,6,1,0,0,0,T20I # 1832
442,Namibia Vs Netherlands,Namibia,Colin Ackermann,3,0,17,1,5.66,8,2,0,0,0,T20I # 1832
443,Namibia Vs Netherlands,Namibia,Paul van Meekeren,4,0,18,1,4.5,11,1,0,1,0,T20I # 1832
444,Namibia Vs Netherlands,Namibia,Timm van der Gugten,3,0,29,0,9.66,4,1,1,2,0,T20I # 1832
445,Namibia Vs Netherlands,Namibia,Roelof van der Merwe,1,0,6,1,6,1,0,0,1,0,T20I # 1832
446,Namibia Vs Netherlands,Netherlands,Bernard Scholtz,4,0,21,1,5.25,10,0,1,0,0,T20I # 1832
447,Namibia Vs Netherlands,Netherlands,David Wiese,2.3,0,22,0,8.8,4,3,0,0,0,T20I # 1830
448,Namibia Vs Netherlands,Netherlands,Gerhard Erasmus,3,0,13,0,4.33,8,0,0,1,0,T20I # 1830
449,Namibia Vs Netherlands,Netherlands,Ben Shikongo,1,0,18,0,18,1,0,2,1,0,T20I # 1830
450,Namibia Vs Netherlands,Netherlands,JJ Smit,4,0,24,2,6,9,2,0,0,0,T20I # 1830
451,Namibia Vs Netherlands,Netherlands,Jan Frylinck,4,1,16,1,4,11,1,0,0,0,T20I # 1830
452,Namibia Vs Netherlands,Netherlands,Jan Nicol Loftie-Eaton,1,0,8,0,8,2,1,0,0,1,T20I # 1830
453,Zimbabwe Vs Ireland,Zimbabwe,Josh Little,4,0,24,3,6,11,3,0,0,0,T20I # 1828
454,Zimbabwe Vs Ireland,Zimbabwe,Mark Adair,4,0,39,2,9.75,6,3,1,2,0,T20I # 1828
455,Zimbabwe Vs Ireland,Zimbabwe,Barry McCarthy,4,0,24,0,6,11,2,0,2,0,T20I # 1828
456,Zimbabwe Vs Ireland,Zimbabwe,Curtis Campher,3,0,29,0,9.66,6,2,2,0,0,T20I # 1828
457,Zimbabwe Vs Ireland,Zimbabwe,Simi Singh,3,0,31,2,10.33,5,2,2,1,0,T20I # 1828
458,Zimbabwe Vs Ireland,Zimbabwe,Gareth Delany,2,0,21,0,10.5,4,2,1,1,0,T20I # 1828
459,Zimbabwe Vs Ireland,Ireland,Richard Ngarava,4,0,22,2,5.5,13,3,0,0,0,T20I # 1828
460,Zimbabwe Vs Ireland,Ireland,Tendai Chatara,4,0,22,2,5.5,13,1,1,2,0,T20I # 1828
461,Zimbabwe Vs Ireland,Ireland,Blessing Muzarabani,4,0,23,3,5.75,14,0,2,0,1,T20I # 1828
462,Zimbabwe Vs Ireland,Ireland,Luke Jongwe,2,0,24,0,12,1,4,0,0,0,T20I # 1828
463,Zimbabwe Vs Ireland,Ireland,Sean Williams,3,0,20,1,6.66,3,0,0,0,0,T20I # 1828
464,Zimbabwe Vs Ireland,Ireland,Sikandar Raza,3,0,22,1,7.33,8,1,1,1,0,T20I # 1828
465,Scotland Vs West Indies,Scotland,Kyle Mayers,2,0,24,0,12,5,5,0,2,0,T20I # 1826
466,Scotland Vs West Indies,Scotland,Akeal Hosein,4,0,31,0,7.75,8,2,1,0,0,T20I # 1826
467,Scotland Vs West Indies,Scotland,Alzarri Joseph,4,0,28,2,7,9,3,0,2,0,T20I # 1826
468,Scotland Vs West Indies,Scotland,Obed McCoy,3,0,25,0,8.33,6,4,0,0,0,T20I # 1826
469,Scotland Vs West Indies,Scotland,Jason Holder,3,0,14,2,4.66,8,1,0,0,0,T20I # 1826
470,Scotland Vs West Indies,Scotland,Odean Smith,4,0,31,1,7.75,6,3,0,1,0,T20I # 1826
471,Scotland Vs West Indies,West Indies,Mark Watt,4,0,12,3,3,16,1,0,1,0,T20I # 1826
472,Scotland Vs West Indies,West Indies,Brad Wheal,4,0,32,2,8,10,4,1,0,0,T20I # 1826
473,Scotland Vs West Indies,West Indies,Josh Davey,3,0,34,1,11.33,8,4,2,1,0,T20I # 1826
474,Scotland Vs West Indies,West Indies,Safyaan Sharif,3.3,0,23,1,6.57,7,2,0,2,0,T20I # 1826
475,Scotland Vs West Indies,West Indies,Michael Leask,4,0,15,2,3.75,11,0,0,1,0,T20I # 1826
476,United Arab Emirates Vs Netherlands,United Arab Emirates,Fred Klaassen,4,0,13,2,3.25,18,0,0,3,0,T20I # 1825
477,United Arab Emirates Vs Netherlands,United Arab Emirates,Tim Pringle,4,0,13,1,3.25,11,0,0,0,0,T20I # 1825
478,United Arab Emirates Vs Netherlands,United Arab Emirates,Logan van Beek,2,0,19,0,9.5,5,0,2,1,0,T20I # 1825
479,United Arab Emirates Vs Netherlands,United Arab Emirates,Bas de Leede,3,0,19,3,6.33,9,2,0,2,0,T20I # 1825
480,United Arab Emirates Vs Netherlands,United Arab Emirates,Paul van Meekeren,4,0,21,0,5.25,11,1,0,0,0,T20I # 1825
481,United Arab Emirates Vs Netherlands,United Arab Emirates,Roelof van der Merwe,3,0,19,1,6.33,7,0,1,0,0,T20I # 1825
482,United Arab Emirates Vs Netherlands,Netherlands,Junaid Siddique,4,0,24,3,6,10,2,0,1,0,T20I # 1825
483,United Arab Emirates Vs Netherlands,Netherlands,Basil Hameed,1,0,7,1,7,4,0,1,0,0,T20I # 1825
484,United Arab Emirates Vs Netherlands,Netherlands,Aayan Afzal Khan,3,0,15,1,5,8,1,0,0,0,T20I # 1825
485,United Arab Emirates Vs Netherlands,Netherlands,Karthik Meiyappan,4,0,22,1,5.5,11,2,0,0,0,T20I # 1825
486,United Arab Emirates Vs Netherlands,Netherlands,Zahoor Khan,4,0,11,1,2.75,14,0,0,0,0,T20I # 1825
487,United Arab Emirates Vs Netherlands,Netherlands,Zawar Farid,2.5,0,24,0,8.47,2,2,0,0,0,T20I # 1825
488,United Arab Emirates Vs Netherlands,Netherlands,Kashif Daud,1,0,5,0,5,1,0,0,0,0,T20I # 1825
489,Namibia Vs Sri Lanka,Namibia,Maheesh Theekshana,4,0,23,1,5.75,7,0,0,2,0,T20I # 1825
490,Namibia Vs Sri Lanka,Namibia,Dushmantha Chameera,4,0,39,1,9.75,6,3,1,2,0,T20I # 1825
491,Namibia Vs Sri Lanka,Namibia,Pramod Madushan,4,0,37,2,9.25,6,3,1,0,0,T20I # 1825
492,Namibia Vs Sri Lanka,Namibia,Chamika Karunaratne,4,0,36,1,9,7,3,1,1,0,T20I # 1825
493,Namibia Vs Sri Lanka,Namibia,Wanindu Hasaranga,4,0,27,1,6.75,8,1,1,0,0,T20I # 1825
494,Namibia Vs Sri Lanka,Sri Lanka,Gerhard Erasmus,1,0,8,0,8,1,1,0,0,0,T20I # 1825
495,Namibia Vs Sri Lanka,Sri Lanka,David Wiese,4,0,16,2,4,13,1,0,0,0,T20I # 1823
496,Namibia Vs Sri Lanka,Sri Lanka,Bernard Scholtz,4,0,18,2,4.5,10,1,0,0,0,T20I # 1823
497,Namibia Vs Sri Lanka,Sri Lanka,Ben Shikongo,3,1,22,2,7.33,6,3,0,0,0,T20I # 1823
498,Namibia Vs Sri Lanka,Sri Lanka,JJ Smit,3,0,16,1,5.33,7,0,0,1,0,T20I # 1823
499,Namibia Vs Sri Lanka,Sri Lanka,Jan Frylinck,4,0,26,2,6.5,10,0,2,1,0,T20I # 1823
